target_lastauthor_year,sensitivity,include,status,status_explanation,academic_year,journal,target_cite,article_link,study_number,subfield,target_year,stanford_internal,open_data,open_materials,target_on_turk,replication_on_turk,within_between,single_vignette,repeated_measure,target_N,target_raw_stat,effect_description,same_dir,replication_N,replication_raw_stat,replicated_instructor_code,replicated_report_code,adjudicated_replication_code
kim1999,exp,stats,done,NA,2012-2013,JPSP,"Kim, H., & Markus, H. R. (1999). Deviance or uniqueness, harmony or conformity? A cultural analysis. Journal of personality and social psychology, 77(4), 785.",http://www2.psych.ubc.ca/~schaller/Psyc591Readings/KimMarkus1999.pdf,2.0,social,1999,yes,no,no,no,yes,mixed,0,30,76,"MSD4: m1=5.88(2.11), m2=5.63(1.51), m3=3.81(1.91), m4=4.33(1.46)",culture (European-American vs. Korean) x subfigure ratio (unique vs. plural minority) interaction in which European=Americans liked minority subfigures more than Koreans did,yes,31,"MSD4: m1=5.96(3.75), m2=6.28(3.05), m3=2.86(1.46), m4=3.10(2.72)",1,1,NA
yang2018,NA,pred_int,ASK,NA,2019-2020,Psych Sci,"Yang, F., Choi, Y. J., Misch, A., Yang, X., & Dunham, Y. (2018). In defense of the commons: Young children negatively evaluate and sanction free riders. Psychological science, 29(10), 1598-1611.",https://journals.sagepub.com/doi/abs/10.1177/0956797618779061,2.0,other-psych,2018,no,yes,yes,no,no,mixed,0,2,48,"d: 1.40 ; bci: b=1.72 [1.44, 2.00]",ME of target (free rider v not) on rating,yes,17,"d: .64; bci b = 1.15 [0.65,1.64]",1,1,NA
dale2011,NA,exp,ASK,NA,2012-2013,Cognitive Science,"Dale, R., & Duran, N. D. (2011). The cognitive dynamics of negated sentence verification. Cognitive science, 35(5), 983-996.",https://onlinelibrary.wiley.com/doi/abs/10.1111/j.1551-6709.2010.01164.x,"1,3",cognitive,2011,no,no,no,yes,yes,within,0,12,60,"F(1,655) = 6.9",neg x truth on x-flips in experiment 1 / no context condition,yes,55,bse b=.26(.25),0.5,0.5,NA
chopra2019,NA,exp,ASK,original reports Pearson correlation,2021-2022,Cog Sci Proceedings,"Chopra, S., Tessler, M. H., & Goodman, N. D. (2019, July). The first crank of the cultural ratchet: Learning and transmitting concepts through language. In CogSci (pp. 226-232).",https://cogsci.mindmodeling.org/2019/papers/0060/0060.pdf,1,cognitive,2019,yes,yes,yes,yes,yes,within,0,5,202,NA,the Pearson correlation between a teacher’s concept accuracy and the Hamming distance between the teacher and student’s predictions,yes,20,t(37)=-3.7949,1,1,NA
konkle2011,NA,exp,ASK,NA,2022-2023,NA,"Konkle, T., & Oliva, A. (2011). Canonical visual size for real-world objects. Journal of Experimental Psychology: human perception and performance, 37(1), 23.",https://psycnet.apa.org/record/2010-18196-001,1.0,cognitive,2011,no,no,no,no,no,within,0,16,22,NA,real-life size (rank order) -> drawn size,yes,22,t(350)=7.786,1,1,NA
read2012,NA,exp,done,"both only report F(4,lots)",2014-2015,JEP: LMC,"Read, D., & Scholten, M. (2012). Tradeoffs between sequences: Weighing accumulated outcomes against outcome-adjusted delays. Journal of Experimental Psychology: Learning, Memory, and Cognition, 38(6), 1675.",https://psycnet.apa.org/record/2012-12102-001,2.0,cognitive,2012,no,no,no,no,yes,between,0,9,277,NA,interaction between A0:2 and A0 (on batch 2 for replication) --> proportion of larger later choices,yes,292,NA,0.75,1,1
scopelliti2015_2,NA,exp,done,only reports omnibus,2017-2018,Psych Sci,"Scopelliti, I., Loewenstein, G., & Vosgerau, J. (2015). You call it “Self-Exuberance”; I call it “Bragging” miscalibrated predictions of emotional responses to self-promotion. Psychological science, 26(6), 903-914.",https://journals.sagepub.com/doi/full/10.1177/0956797615573516,2.0,other-psych,2015,no,yes,yes,yes,yes,between,1,1,151,NA,two-way mixed ANOVA indicates that the condition x emotion interaction statisti,yes,50,NA,1,1,NA
catarino2015,exp,exp,ASK,NA,2020-2021,Psych Sci,"Catarino, A., Küpper, C. S., Werner-Seidler, A., Dalgleish, T., & Anderson, M. C. (2015). Failing to forget: Inhibitory-control deficits compromise memory suppression in posttraumatic stress disorder. Psychological science, 26(5), 604-616.",https://journals.sagepub.com/doi/full/10.1177/0956797615569889,replicating control condition only for 2 DVs: gist and details,other-psych,2015,no,no,yes,no,yes,within,0,60,18,NA,main effect of condition (suppress v baseline) on identification,NA,11,NA,0,0,NA
hernandez2021,no,exp,ASK,NA,2022-2023,NA,"Hernandez, I. A., Silverman, D. M., & Destin, M. (2021). From deficit to benefit: Highlighting lower-SES students' background-specific strengths reinforces their academic persistence. Journal of Experimental Social Psychology, 92, 104080.",https://www.sciencedirect.com/science/article/pii/S0022103120304200,1.0,social,2021,no,no,yes,yes,yes,between,1,1,199,NA,testing the manipulation check as key measure: the impact of the condition on the endorsement of background specific strengths,yes,136,t(136)=-2.9738,1,0.75,1
sofer2015,NA,exp,done,"original has F(10,)",2015-2016,Psych Sci,"Sofer, C., Dotsch, R., Wigboldus, D. H., & Todorov, A. (2015). What is typical is good: The influence of face typicality on perceived trustworthiness. Psychological Science, 26(1), 39-47.",https://journals.sagepub.com/doi/full/10.1177/0956797614554955,1.0,social,2015,no,no,yes,no,yes,mixed,0,33,48,NA,DFT x (attractive v trustworthy),yes,95,t(16)=-12.435,0,0.5,0.5
oh2019,NA,exp,done,"original has F(6,)",2020-2021,Psych Sci,"Oh, D., Buck, E. A., & Todorov, A. (2019). Revealing hidden gender biases in competence impressions of faces. Psychological Science, 30(1), 65-79.",https://journals.sagepub.com/doi/full/10.1177/0956797618813092,3.0,social,2019,no,yes,yes,yes,yes,within,0,200,30,NA,standard deviation (distance) on maleness,yes,27,"F(1,11)=16.879",1,0.75,1
porter_2016_1,NA,exp,done,"report a 2x2x3, and replication doesn't have raw means",2016-2017,Psych Sci,"Porter, S. C., Rheinschmidt-Same, M., & Richeson, J. A. (2016). Inferring identity from language: Linguistic intergroup bias informs social categorization. Psychological science, 27(1), 94-102.",https://journals.sagepub.com/doi/abs/10.1177/0956797615612202,3.0,social,2016,no,yes,yes,yes,yes,between,1,1,145,NA,LIB x target political aff x own political aff -> friendship,NA,168,NA,0,0,NA
exline2008,NA,exp,cannot tell direction in rep,NA,2011-2012,JPSP,"Exline, J. J., Baumeister, R. F., Zell, A. L., Kraft, A. J., & Witvliet, C. V. (2008). Not so innocent: Does seeing one's own capability for wrongdoing predict forgiveness?. Journal of Personality and Social Psychology, 94(3), 495.",http://psycnet.apa.org/journals/psp/94/3/495.pdf,7.0,social,2008,no,no,no,no,no,between,1,1,155,"F (1,151) = 9.40",order x gender -> vengeance,NA,135,"F(1, 131) = 0.018",0,0,NA
lau2008,NA,exp,cannot tell direction in rep,NA,2011-2012,Psych Sci,"Lau, G. P., Kay, A. C., & Spencer, S. J. (2008). Loving those who justify inequality: the effects of system threat on attraction to women who embody benevolent sexist ideals. Psychological Science.",https://psycnet.apa.org/record/2007-19952-005,1.0,social,2008,no,no,no,no,yes,between,1,8,36,"F(1, 34) = 5.89",valence x stereotype -> preference,NA,39,"F(1, 38) = 1.51",0,0,NA
luttrell2019,NA,exp,cannot tell direction in rep,NA,2022-2023,NA,"Luttrell, A., Philipp-Muller, A., & Petty, R. E. (2019). Challenging moral attitudes with moral messages. Psychological Science, 30(8), 1136-1150.",https://journals.sagepub.com/doi/full/10.1177/0956797619854706,1.0,social,2019,no,yes,yes,yes,yes,between,1,1,415,t(410) = -3.34,interaction between message type of moral basis on persuasion,NA,46,t(41) = -0.029,0,0,NA
ranzini2009,NA,exp,cannot tell direction in rep,NA,2014-2015,Neuropsychologia,"Ranzini, M., Dehaene, S., Piazza, M., & Hubbard, E. M. (2009). Neural mechanisms of attentional shifts due to irrelevant spatial and numerical cues. Neuropsychologia, 47(12), 2615-2624.",https://www.sciencedirect.com/science/article/pii/S002839320900219X,1.0,other-psych,2009,no,no,no,no,yes,within,0,264,15,"F(1,14)=4.1",magnitude x location for numbers,NA,17,"F(1,16)=0.24",0,0,NA
gong2019,NA,exp,cannot tell direction in target,NA,2017-2018,The Journals of Gerontology: Series B,"Gong, X., Zhang, F., & Fung, H. H. (2019). Are older adults more willing to donate? The roles of donation form and social relationship. The Journals of Gerontology: Series B, 74(3), 440-448.",https://academic.oup.com/psychsocgerontology/article-abstract/74/3/440/3988023,1.0,social,2019,no,no,no,no,yes,mixed,0,28,155,"F(1,134) = 4.03",age x donation x kinship,NA,90,"F(1,70)=.06",0,0,NA
nook2017,exp,stats,done,df's are very different,2020-2021,JEP:G,"Nook, E. C., Schleider, J. L., & Somerville, L. H. (2017). A linguistic signature of psychological distancing in emotion regulation. Journal of Experimental Psychology: General, 146(3), 337.",https://psycnet.apa.org/fulltext/2017-02487-001.pdf,1.0,other-psych,2017,no,no,no,yes,yes,within,0,60,107,t(106) = 7.71,reappraise neg more distanced than look neg,yes,56,t(1101.9) = 3.5641,0.75,0.5,0.75
vankoningsbruggen2017,NA,stats,done,NA,2020-2021,"Cyberpsychology, Behavior, and Social Networking","Van Koningsbruggen, G. M., Hartmann, T., Eden, A., & Veling, H. (2017). Spontaneous hedonic reactions to social media cues. Cyberpsychology, Behavior, and Social Networking, 20(5), 334-340.",https://www.liebertpub.com/doi/pdf/10.1089/cyber.2016.0530,2.0,other-psych,2017,no,yes,yes,yes,yes,between,0,60,128,"F(1, 126) = 8.91",cue type x FB use,yes,56,"F(1,59) = 0.9364",0,0,NA
jones2006,exp,stats,done,dfs are different,2012-2013,JML,"Jones, L. L., & Estes, Z. (2006). Roosters, robins, and alarm clocks: Aptness and conventionality in metaphor comprehension. Journal of Memory and Language, 55(1), 18-32.",https://www.sciencedirect.com/science/article/pii/S0749596X06000180,2.0,cognitive,2006,no,no,no,no,yes,within,0,64,60,"F(1, 59) = 77.05",high-apt sentences were significantly faster than low-apt sentences,yes,39,"F(1, 76) = 5.007",1,1,NA
lewis2015,NA,stats,done,NA,2015-2016,Psych Sci,"Lewis Jr, N. A., & Oyserman, D. (2015). When does the future begin? Time metrics matter, connecting present and future selves. Psychological science, 26(6), 816-825.",https://journals.sagepub.com/doi/abs/10.1177/0956797615572231,4.0,social,2015,no,no,yes,yes,yes,between,1,1,122,"F(1,115) = 7.497",main effect of time -> when to begin saving,yes,126,"F(1, 93) = 0.833",0.5,0,0.25
otto2014,NA,exp,done,"replication reports beta and p-value, but no error measure on the beta",2014-2015,Cog Sci Proceedings,"Otto, R. A., Skatova, A., Madlon-Kay, S., & Daw, N. (2014). Cognitive Control Mode Predicts Behavioral Expression of Model-Based Reinforcement-Learning. In Proceedings of the Annual Meeting of the Cognitive Science Society (Vol. 36, No. 36).",https://www.ncbi.nlm.nih.gov/pmc/articles/PMC4387848/,1.0,cognitive,2014,no,no,no,no,yes,within,0,200,45,bse b=-.06 (.03),reward x transition x stroop (infrequent),NA,45,NA,0.75,0.25,0.5
porter_2016_5,NA,stats,done,NA,2018-2019,Psych Sci,"Porter, S. C., Rheinschmidt-Same, M., & Richeson, J. A. (2016). Inferring identity from language: Linguistic intergroup bias informs social categorization. Psychological science, 27(1), 94-102.",https://journals.sagepub.com/doi/full/10.1177/0956797615612202,3.0,social,2016,no,yes,yes,yes,yes,between,1,1,145,"F(1, 121) = 8.67",LIB condition on social category inference,yes,126,"F(1,112)=3.9020",0,0,NA
ko2015,exp,stats,done,dfs are different,2015-2016,Psych Sci,"Ko, S. J., Sadler, M. S., & Galinsky, A. D. (2015). The sound of power: Conveying and detecting hierarchical rank through voice. Psychological Science, 26(1), 3-14.",https://journals.sagepub.com/doi/abs/10.1177/0956797614553009,2.0,social,2015,no,yes,no,no,yes,within,0,60,40,"F(1, 55) = 83.67",ME of plev,yes,39,"F(1,20)= 30.932",1,1,NA
vohs2013,exp,stats,done,dfs are different,2022-2023,NA,"Vohs, K. D., Sengupta, J., & Dahl, D. W. (2014). The price had better be right: Women’s reactions to sexual stimuli vary with market factors. Psychological science, 25(1), 278-283.",https://journals.sagepub.com/doi/full/10.1177/0956797613502732,1.0,social,2014,no,no,yes,no,yes,between,1,1,87,"F(1, 83) = 7.55","for women and sexual stimuli, higher ratings for more expensive",yes,120,"F(1,36)=.56",0,0,NA
goff2014,no,stats,done,dfs are different,2018-2019,JPSP,"Goff, P. A., Jackson, M. C., Di Leone, B. A. L., Culotta, C. M., & DiTomasso, N. A. (2014). The essence of innocence: consequences of dehumanizing Black children. Journal of personality and social psychology, 106(4), 526.",https://psycnet.apa.org/fulltext/2014-06238-001.html,1.0,social,2014,no,no,no,no,yes,between,0,6,123,t(80)=3.2923,race -> innocence,no,50,t(181.6) = 0.46732,0,0,NA
savani2010,exp,stats,done,dfs are different,2014-2015,Psych Sci,"Savani, K., Markus, H. R., Naidu, N. V. R., Kumar, S., & Berlia, N. (2010). What counts as a choice? US Americans are more likely than Indians to construe actions as choices. Psychological Science, 21(3), 391-398.",https://journals.sagepub.com/doi/abs/10.1177/0956797609359908,3.0,social,2010,yes,no,no,no,yes,between,1,1,128,t(32) = 4.25,cultural diff in choice condition only,yes,63,t(33)=1.16,0,0,NA
markant2014,exp,stats,done,dfs are different,2014-2015,JEP:G,"Markant, D. B., & Gureckis, T. M. (2014). Is it better to select or to receive? Learning via active and passive hypothesis testing. Journal of Experimental Psychology: General, 143(1), 94.",https://psycnet.apa.org/doiLanding?doi=10.1037%2Fa0032108,1.0,cognitive,2014,no,no,no,no,yes,between,0,256,30,t(57)=1.82,"In the RB task, overall accuracy was marginally higher in the S condition than in the R condition",yes,48,t(45)=2.36,1,1,NA
yousif2019,exp,stats,done,dfs are different,2019-2020,Psych Sci,"Yousif, S. R., Aboody, R., & Keil, F. C. (2019). The illusion of consensus: A failure to distinguish between true and false consensus. Psychological Science, 30(8), 1195-1204.",https://journals.sagepub.com/doi/abs/10.1177/0956797619856844,5.0,cognitive,2019,no,yes,yes,yes,yes,between,1,1,240,t(94) = 2.77,false v no consensus after pre-reg'd exclusions of top and bottom quintile on confidence,yes,160,t(48.733)=.72116,0,0,NA
jara-ettinger2022,NA,pred_int,done,NA,2022-2023,NA,"Jara-Ettinger, J., Levy, R., Sakel, J., Huanca, T., & Gibson, E. (2022). The origins of the shape bias: Evidence from the Tsimane’. Journal of Experimental Psychology: General.",https://psycnet.apa.org/record/2022-45689-001,5.0,cognitive,2022,no,no,yes,yes,yes,between,0,1,144,rawprop: 99 / 144,preference for shape match > chance??,yes,147,rawprop: 91/147,0.5,0.75,0.5
libby2009,NA,pred_int,done,NA,2012-2013,JEP:G,"Libby, L. K., Shaeffer, E. M., & Eibach, R. P. (2009). Seeing meaning in action: a bidirectional link between visual perspective and action identification level. Journal of Experimental Psychology: General, 138(4), 503.",https://psycnet.apa.org/record/2009-19929-004,5.0,cognitive,2009,no,no,no,no,yes,between,0,10,172,t(10)=4.95,computed the mean of the regression coefficients and tested whether it differed from 0,yes,81,t(10)=2.34,1,1,NA
lin2018,exp,stats,done,NA,2019-2020,Psych Sci,"Lin, C., Adolphs, R., & Alvarez, R. M. (2018). Inferring whether officials are corruptible from looking at their faces. Psychological science, 29(11), 1807-1823.",https://journals.sagepub.com/doi/abs/10.1177/0956797618788882,1.0,social,2018,no,yes,yes,yes,yes,within,0,360,82,t(81)=7.47,participants performed better than chance at correctly identifying whether or not politicians had been convicted of corruption (participants accuracy percents are greater than 50%),yes,19,t(18)=2.5782,1,1,NA
hopkins2016,NA,pred_int,done,NA,2019-2020,Cognition,"Hopkins, E. J., Weisberg, D. S., & Taylor, J. C. (2016). The seductive allure is a reductive allure: People prefer scientific explanations that contain logically irrelevant reductive information. Cognition, 155, 67-76.",https://www.sciencedirect.com/science/article/pii/S0010027716301585,1.0,cognitive,2016,no,yes,yes,yes,yes,between,0,12,147,"bci: b=0.21 [0.02, 0.42]",explanation-level -> rating,yes,93,"bci: b=0.14[-0.18, 0.47]",0,0,NA
risen2008,NA,exp,done,replication does not give any statistics (or link a github,2011-2012,JPSP,"Risen, J. L., & Gilovich, T. (2008). Why people are reluctant to tempt fate. Journal of personality and social psychology, 95(2), 293.",http://www2.psych.purdue.edu/~gfrancis/Classes/PSY392/RisenGilovich2008.JPSP.pdf,6.0,social,2008,no,no,no,no,yes,between,1,1,120,"F(1, 116) = 4.15",load x did-reading on  likelihood-perception,NA,226,NA,0,0,NA
mirault2018,exp,pred_int,done,NA,2020-2021,Psych Sci,"Mirault, J., Snell, J., & Grainger, J. (2018). You that read wrong again! A transposed-word effect in grammaticality judgments. Psychological Science, 29(12), 1922-1929.",https://journals.sagepub.com/doi/full/10.1177/0956797618806296,2.0,cognitive,2018,no,yes,yes,no,yes,within,0,160,94,bse: b=.03 (.004),transposed word v control on RT,yes,24,bse b= 0.0548801 (0.0136369),1,1,NA
sherman2012,NA,pred_int,done,NA,2012-2013,Psych Sci,"Sherman, G. D., Haidt, J., & Clore, G. L. (2012). The faintest speck of dirt: Disgust enhances the detection of impurity. Psychological Science, 23(12), 1506-1514.",https://journals.sagepub.com/doi/abs/10.1177/0956797612445318,1.0,social,2012,no,no,no,no,yes,mixed,0,144,122,bse: b = -0.04 (0.02),trait disgust x end-of-spectrum -> accuracy,yes,137,bse b=-.08 (.04),0.5,0.5,NA
jakesch2019,NA,pred_int,done,NA,2019-2020,Proceedings of the 2019 CHI Conference on Human Factors in Computing Systems,"Jakesch, M., French, M., Ma, X., Hancock, J. T., & Naaman, M. (2019, May). AI-mediated communication: How the perception that profile text was written by AI affects trustworthiness. In Proceedings of the 2019 CHI Conference on Human Factors in Computing Systems (pp. 1-13).",https://dl.acm.org/doi/abs/10.1145/3290605.3300469,3.0,non-psych,2019,no,yes,yes,yes,yes,mixed,0,10,108,bse b=-4.976 (2.028),ai x condition interaction (condition is prime v control),yes,110,bse b=-2.63845 (1.747710),0.5,0.25,0.25
minson2020,NA,pred_int,done,NA,2020-2021,Management Science,"Minson, J. A., Chen, F. S., & Tinsley, C. H. (2020). Why won’t you listen to me? Measuring receptiveness to opposing views. Management Science, 66(7), 3069-3094.",https://pubsonline.informs.org/doi/pdf/10.1287/mnsc.2019.3362,2.0,non-psych,2020,no,yes,yes,yes,yes,between,1,1,327,bse: b=-.27 (.08),influence of receptiveness score on selective exposure,no,79,bse b=.06(.13),0,0,NA
rogers2017,NA,pred_int,done,NA,2019-2020,JPSP,"Rogers, T., Zeckhauser, R., Gino, F., Norton, M. I., & Schweitzer, M. E. (2017). Artful paltering: The risks and rewards of using truthful statements to mislead others. Journal of personality and social psychology, 112(3), 456.",https://psycnet.apa.org/buy/2016-59847-001,3.0,social,2017,no,no,yes,yes,yes,between,1,1,155,bse b=.04 (.34),paltering v lying on ratings of the unethicality of the Buyer,yes,152,bse b=0.04378 (0.35011),1,1,NA
petersen2017,NA,pred_int,done,NA,2018-2019,Psych Sci,"Petersen, M. B. (2017). Healthy out-group members are represented psychologically as infected in-group members. Psychological Science, 28(12), 1857-1863.",https://journals.sagepub.com/doi/abs/10.1177/0956797617728270,1.0,social,2017,no,yes,yes,yes,yes,between,0,8,600,"bci: b=.34 [.10,.61]",condition on between_error_rate,yes,224,bse b=0.3661 (0.2423),0,0,NA
zangger2020,NA,pred_int,done,NA,2022-2023,NA,"Zangger, C., & Widmer, J. (2020). Choosing what is best for one’s children? Experimental evidence on parents’ responsiveness to childcare subsidies and their preferences for different childcare arrangements. Early childhood research quarterly, 51, 110-123.",https://www.sciencedirect.com/science/article/pii/S0885200619301280,1.0,non-psych,2020,no,no,no,no,yes,between,1,1,540,bse b=1.025 (.003),the coefficient for amount of subsidies -- how much do subsidies impact choice in model 1,yes,250,bse b=1.037 (.006),1,1,NA
tworek2016_1,NA,pred_int,done,NA,2016-2017,Psych Sci,"Tworek, C. M., & Cimpian, A. (2016). Why do people tend to infer “ought” from “is”? The role of biases in explanation. Psychological Science, 27(8), 1109-1122.",https://journals.sagepub.com/doi/abs/10.1177/0956797616650875,2.0,cognitive,2016,no,yes,yes,yes,yes,mixed,0,12,112,bse: b=2.44(.85),inherence bias x typicality -> ought inference,yes,136,bse b=3.736(.625),1,1,NA
huntingtonklein2018,NA,pred_int,done,NA,2022-2023,NA,"Huntington‐Klein, N. (2018). College choice as a collective decision. Economic Inquiry, 56(2), 1202-1219.",https://onlinelibrary.wiley.com/doi/full/10.1111/ecin.12470,1.0,non-psych,2018,no,no,no,no,yes,within,0,6,484,bse: b=.07(.01),difference between parent and child weighting of other's opinion changing from dislike to like (in giant conjoint choice model),yes,102,bse: b=.061(.04),0.5,0.5,NA
shavit2022,NA,pred_int,done,NA,2022-2023,NA,"Shavit, Y. Z., Chi, K., & Carstensen, L. L. (2022). Age and Time Horizons Are Associated With Preferences for Helping Colleagues. Work, Aging and Retirement.",https://academic.oup.com/workar/advance-article/doi/10.1093/workar/waac024/6647989?preview=true&login=true&utm_source=TrendMD&utm_medium=cpc&utm_campaign=Work%252C_Aging_and_Retirement_TrendMD_0&itm_medium=sidebar&itm_source=trendmd-widget&itm_campaign=Work%252C_Aging_and_Retirement,1.0,other-psych,2022,yes,no,yes,no,yes,between,1,1,555,"bci: b=-.42 [-.88,-.02]",age x condition on choosing to help a colleague,no,150,bse: b=.2664 (.3766),0,0,NA
franke2016,no,pred_int,done,NA,2020-2021,PLOS One,"Franke, M., & Degen, J. (2016). Reasoning in reference games: Individual-vs. population-level probabilistic modeling. PloS one, 11(5), e0154854.",https://journals.plos.org/plosone/article?id=10.1371/journal.pone.0154854,1.0,non-psych,2016,yes,yes,yes,yes,yes,within,0,66,51,bse  b=1.28 (.12),simple v not-simple (coded as h1),yes,48,bse: b=.53003 (.11921),1,1,NA
djärv2017,NA,pred_int,done,NA,2022-2023,NA,"Djärv, K., Zehr, J., & Schwarz, F. (2018). Cognitive vs. emotive factives: An experimental differentiation. In Proceedings of Sinn und Bedeutung (Vol. 21, No. 1, pp. 367-386).",https://ojs.ub.uni-konstanz.de/sub/index.php/sub/article/view/143,2.0,non-psych,2018,no,no,no,no,yes,within,0,24,62,bse: b=0.8605(0.2108),"interaction term, with the prediction: emotive factives will have higher ratings than cognitive factives for yes-responses.",yes,60,bse: b=0.8082 (0.2215),1,1,NA
metaxa-kakavouli2018,exp,stats,done,"the df for student's t-test is quite possibly wrong, but can't tell",2020-2021,Proceedings of the 2018 CHI Conference on human factors in computing systems,"Metaxa-Kakavouli, D., Wang, K., Landay, J. A., & Hancock, J. (2018, April). Gender-inclusive design: Sense of belonging and bias in web interfaces. In Proceedings of the 2018 CHI Conference on human factors in computing systems (pp. 1-6).",https://dl.acm.org/doi/abs/10.1145/3173574.3174188,1.0,non-psych,2018,yes,no,no,yes,yes,between,1,1,110,t(108) = 3.47,"""ambient belonging""  for rated  young women in masculine condition v (all other groups = women and men in neutral, men in masculine)",yes,98,t(50) = 2.68,0.5,0.5,NA
brady2013,no,stats,done,mismatch between t and MSE,2014-2015,JEP:G,"Brady, T. F., Konkle, T., Alvarez, G. A., & Oliva, A. (2013). Real-world objects are not represented as bound units: independent forgetting of different object details from visual memory. Journal of Experimental Psychology: General, 142(3), 791.",https://psycnet.apa.org/record/2012-22277-001,2.0,cognitive,2013,no,no,no,no,yes,between,0,120,28,t(26)=1.99,dependency of state on exemplar is greater in short than long term delay,yes,6,"MSE2: m1=.53(.43),m2=.37(.30)",0,0,NA
gray2014,NA,stats,done,NA,2012-2013,JEP:G,"Gray, K., Ward, A. F., & Norton, M. I. (2014). Paying it forward: generalized reciprocity and the limits of generosity. Journal of experimental psychology: General, 143(1), 247.",http://www.mpmlab.org/Paying%20it%20Forward%20-%20JEPG.pdf,4b,social,2014,no,no,no,yes,yes,between,1,1,165,"F(1, 161) =7.00",interaction of greed and affect,no,145,"F(1, 141) = .27",0,0,NA
payne2008,NA,stats,done,NA,2018-2019,Psych Sci,"Payne, J. D., Stickgold, R., Swanberg, K., & Kensinger, E. A. (2008). Sleep preferentially enhances memory for emotional components of scenes. Psychological science, 19(8), 781-788.",https://journals.sagepub.com/doi/abs/10.1111/j.1467-9280.2008.02157.x,1.0,other-psych,2008,no,no,no,no,yes,between,0,192,48,"F(1, 46) = 11.5",condition x valence -> general objects,yes,23,"F(1, 21) = 2.34",0,0,NA
cao2019,NA,stats,done,NA,2020-2021,Psych Sci,"Cao, J., Kleiman-Weiner, M., & Banaji, M. R. (2019). People make the same Bayesian judgment they criticize in others. Psychological Science, 30(1), 20-31.",https://journals.sagepub.com/doi/full/10.1177/0956797618805750,5.0,social,2019,no,yes,yes,yes,yes,between,1,1,348,"F(1, 344) = 84.58","participants judged that the man was more likely than the woman to be the pilot, regardless of their evaluation of person X",yes,36,"F(1, 32) = 7.4",1,1,NA
morris2008,exp,stats,done,NA,2011-2012,JEP: LMC,"Morris, A. L., & Still, M. L. (2008). Now you see it, now you don't: repetition blindness for nonwords. Journal of Experimental Psychology: Learning, Memory, and Cognition, 34(1), 146.",https://psycnet.apa.org/record/2007-19381-010,6.0,cognitive,2008,no,no,yes,no,yes,within,0,48,24,"F(1, 23) = 92.34",words > non-words on recall (F1 measure),yes,35,"F(1, 34) = 24.61",0,0,NA
semrow2020,NA,stats,done,NA,2019-2020,Social Psychological and Personality Science,"Semrow, M., Zou, L. X., Liu, S., & Cheryan, S. (2020). Gay Asian Americans are seen as more American than Asian Americans who are presumed straight. Social Psychological and Personality Science, 11(3), 336-344.",https://journals.sagepub.com/doi/abs/10.1177/1948550619849426,4.0,social,2020,no,yes,yes,no,yes,mixed,1,2,101,"F(1, 98) = 22.39",interaction of sexuality & country acceptance on americanness,yes,104,"F(1,100)=2.778",0.75,1,0.75
zhao2016,NA,stats,done,NA,2017-2018,Psych Sci,"Zhao, M., Bülthoff, H. H., & Bülthoff, I. (2016). Beyond faces and expertise: Facelike holistic processing of nonface objects in the absence of expertise. Psychological science, 27(2), 213-222.",https://journals.sagepub.com/doi/abs/10.1177/0956797615617779,1a,cognitive,2016,no,no,no,no,yes,within,0,320,22,"F(1, 21) = 22.80",congruency x alignment in line pattern task,yes,14,"F(1,13)=29.83",0.5,1,0.75
long2017,NA,stats,done,NA,2019-2020,Cognition,"Long, B., & Konkle, T. (2017). A familiar-size Stroop effect in the absence of basic-level recognition. Cognition, 168, 234-242.",https://www.sciencedirect.com/science/article/pii/S0010027717301932,1.0,cognitive,2017,yes,yes,yes,no,yes,within,0,480,16,"F(1, 15) = 14.3",main effect of congruency,yes,16,"F(1,15)=13.201595",1,1,NA
greene2008,NA,exp,done,replication does not report statistics for interaction,2012-2013,Cognition,"Greene, J. D., Morelli, S. A., Lowenberg, K., Nystrom, L. E., & Cohen, J. D. (2008). Cognitive load selectively interferes with utilitarian moral judgment. Cognition, 107(3), 1144-1154.",https://www.sciencedirect.com/science/article/pii/S0010027707002752,1.0,cognitive,2008,no,no,yes,no,yes,within,0,40,82,"F(1, 62.9) = 8.5",load x (non)utilitarian,yes,25,NA,0,0,NA
sheppes2011,NA,stats,done,NA,2021-2022,Psych Sci,"Sheppes, G., Scheibe, S., Suri, G., & Gross, J. J. (2011). Emotion-regulation choice. Psychological science, 22(11), 1391-1396.",https://journals.sagepub.com/doi/full/10.1177/0956797611418350,1,other-psych,2011,yes,no,no,no,yes,within,0,30,20,"F(1, 19) = 47.54",percent_reappraisal ~ intensity,yes,17,"F(1,16)=158.92",1,1,NA
xu2015,no,stats,done,NA,2015-2016,Psych Sci,"Xu, Y., & Franconeri, S. L. (2015). Capacity for visual features in mental rotation. Psychological science, 26(8), 1241-1251.",https://journals.sagepub.com/doi/abs/10.1177/0956797615585002,1a,cognitive,2015,no,no,no,no,yes,within,0,180,12,"F(1, 11) = 32.04",not-rotating > rotating,yes,30,"F(1,26)=3.645357",0.5,0.9,0.75
forwood2013,NA,stats,done,NA,2014-2015,PLOS One,"Forwood, S. E., Ahern, A., Hollands, G. J., Fletcher, P. C., & Marteau, T. M. (2013). Underestimating calorie content when healthy foods are present: an averaging effect or a reference-dependent anchoring effect?. Plos one, 8(8), e71475.",https://journals.plos.org/plosone/article?id=10.1371/journal.pone.0071475,3.0,social,2013,no,no,no,yes,yes,between,1,1,430,"F(1,431) = 4.63",ME of reference image  on calorie estimates,yes,36,"F(1,35) = 4.240",0.75,1,1
mani2013,NA,stats,done,NA,2021-2022,Science,"Mani, A., Mullainathan, S., Shafir, E., & Zhao, J. (2013). Poverty impedes cognitive function. science, 341(6149), 976-980.",https://www.science.org/doi/full/10.1126/science.1238041,1,non-psych,2013,no,no,no,no,yes,between,0,4,101,"F(1,97) = 7.86",group x ses -> cog control,yes,45,"F(1,41)=1.268",0,0,NA
okeefe2018,NA,stats,done,NA,2020-2021,Psych Sci,"O’Keefe, P. A., Dweck, C. S., & Walton, G. M. (2018). Implicit theories of interest: Finding your passion or developing it?. Psychological science, 29(10), 1653-1664.",https://journals.sagepub.com/doi/full/10.1177/0956797618780643,2.0,social,2018,yes,yes,yes,yes,yes,within,1,2,141,"F(1, 137) = 7.46",theories of interest x type -> interest in topic,yes,74,"F(1,70)=2.4602",0,0,NA
proudfoot2015,NA,stats,done,NA,2015-2016,Psych Sci,"Proudfoot, D., Kay, A. C., & Koval, C. Z. (2015). A gender bias in the attribution of creativity: Archival and experimental evidence for the perceived association between masculinity and creative thinking. Psychological science, 26(11), 1751-1761.",https://journals.sagepub.com/doi/full/10.1177/0956797615598739,1.0,non-psych,2015,no,no,no,yes,yes,between,1,1,80,"F(1, 78) = 75.02",ME of trait type on rating,yes,84,"F(1,82)=76.959",1,1,NA
vasilyeva2018,NA,stats,done,NA,2021-2022,Cognitive Science,"Vasilyeva, N., Blanchard, T., & Lombrozo, T. (2018). Stable causal relationships are better causal relationships. Cognitive Science, 42(4), 1265-1296.",https://onlinelibrary.wiley.com/doi/pdfdirect/10.1111/cogs.12605,1,cognitive,2018,no,no,no,yes,yes,within,0,4,182,"F(1, 178) = 163.22",ME of moderator on rating,yes,13,"F(1,9) = 24.167",1,1,NA
blair2007,NA,exp,done,NA,2012-2013,Neuroimage,"Blair, K. S., Smith, B. W., Mitchell, D. G., Morton, J., Vythilingam, M., Pessoa, L., ... & Blair, R. J. R. (2007). Modulation of emotion by cognition and cognition by emotion. Neuroimage, 35(1), 430-440.",https://www.sciencedirect.com/science/article/pii/S1053811906011177,1.0,cognitive,2007,no,no,no,no,yes,within,0,240,22,"F(1,21) = 25.75","for positive v neutral emotion, ME of congruency",no,40,"F(1, 3446) = 3.49",0,0,NA
yeshurun2003,NA,stats,done,NA,2019-2020,Psych Sci,"Yeshurun, Y., & Levy, L. (2003). Transient spatial attention degrades temporal resolution. Psychological Science, 14(3), 225-231.",https://journals.sagepub.com/doi/full/10.1111/1467-9280.02436,1.0,cognitive,2003,no,no,no,no,no,within,0,864,18,"F(1,17)=8.01",cued -> smaller d',no,10,"F(1,9)=2.061",0,0,NA
greenberg2016,NA,stats,done,NA,2017-2018,Psych Sci,"Greenberg, A. E., & Spiller, S. A. (2016). Opportunity cost neglect attenuates the effect of choices on preferences. Psychological science, 27(1), 103-113.",https://journals.sagepub.com/doi/abs/10.1177/0956797615608267,1.0,non-psych,2016,no,yes,yes,yes,yes,between,0,11,101,t(96)=2.310,cond x #_focal_chosen -> spread,yes,28,t( 23) = 2.233483,0,1,1
heck2020,NA,stats,done,NA,2020-2021,PNAS,"Heck, P. R., Chabris, C. F., Watts, D. J., & Meyer, M. N. (2020). Objecting to experiments even while approving of the policies or treatments they compare. Proceedings of the National Academy of Sciences, 117(32), 18948-18950.",https://www.pnas.org/doi/abs/10.1073/pnas.2009030117,2.0,non-psych,2020,no,yes,yes,yes,yes,within,1,3,301,t(300)=4.77,condition -> rating,yes,104,t(103) = 0.64468,0.5,0.25,0.25
haimovitz2016_2,NA,stats,done,NA,2021-2022,Psych Sci,"Haimovitz, K., & Dweck, C. S. (2016). What predicts children’s fixed and growth intelligence mind-sets? Not their parents’ views of intelligence but their parents’ views of failure. Psychological science, 27(6), 859-869.",https://courses.cs.ut.ee/MTAT.05.074/2016_fall/uploads/Main/mindset3.pdf,4,social,2016,yes,no,yes,yes,yes,between,1,1,132,t(131) = 3.246,debilitating > enhancing -> concern,yes,115,t(113) = -1.9291,0.5,0.5,NA
critcher2013,NA,stats,done,NA,2014-2015,Social Psychological and Personality Science,"Critcher, C. R., Inbar, Y., & Pizarro, D. A. (2013). How quick decisions illuminate moral character. Social Psychological and Personality Science, 4(3), 308-315.",https://journals.sagepub.com/doi/abs/10.1177/1948550612457688,1.0,social,2013,no,no,no,no,yes,between,1,1,119,"F(1, 117) = 127.07",decision x speed interaction on moral,yes,115,t(113) = 12.1,1,1,NA
porter_2016_2,NA,stats,done,NA,2016-2017,Psych Sci,"Porter, S. C., Rheinschmidt-Same, M., & Richeson, J. A. (2016). Inferring identity from language: Linguistic intergroup bias informs social categorization. Psychological science, 27(1), 94-102.",https://journals.sagepub.com/doi/full/10.1177/0956797615612202,1a,social,2016,no,yes,yes,yes,yes,between,1,1,88,t(86) = 2.89,"participants in the favorable-LIB condition were significantly more likely to believe that the communicator was a Democrat, and thus shared a party affiliation with the target, than were participants in the unfavorable-LIB condition",yes,119,t(117)=3.93,1,1,NA
livingston2012,NA,stats,done,NA,2016-2017,Psych Sci,"Livingston, R. W., Rosette, A. S., & Washington, E. F. (2012). Can an agentic Black woman get ahead? The impact of race and interpersonal dominance on perceptions of female leaders. Psychological science, 23(4), 354-358.",https://journals.sagepub.com/doi/abs/10.1177/0956797611428079,1.0,social,2012,no,no,no,no,yes,between,1,1,84,"F(1, 76) = 11.53","three-way interaction between target race (White vs. Black), target gender (male vs. female), and target behavior (dominant vs. communal) on leader status evaluations",yes,131,t(123)=-.627,0,0,NA
birch2007_1,NA,stats,done,NA,2014-2015,Psych Sci,"Birch, S. A., & Bloom, P. (2007). The curse of knowledge in reasoning about false beliefs. Psychological Science, 18(5), 382-386.",https://journals.sagepub.com/doi/abs/10.1111/j.1467-9280.2007.01909.x,1.0,cognitive,2007,no,no,no,no,yes,between,1,1,155,t(105)=-2.42,red box: ignorance < knowledge-plausible,yes,225,t(149.58) = -1.20,0,0.25,0
kupor2015,NA,stats,done,NA,2015-2016,Psych Sci,"Kupor, D. M., Laurin, K., & Levav, J. (2015). Anticipating divine protection? Reminders of god can increase nonmoral risk taking. Psychological science, 26(4), 374-384.",https://journals.sagepub.com/doi/abs/10.1177/0956797614563108,3.0,social,2015,no,no,yes,yes,yes,between,1,3,101,t(99) = 2.29,god condition -> greater willingness to take risks,yes,160,t(152.0000)=   1.253,0,0,NA
kacperczyk2021,NA,stats,done,NA,2021-2022,Organization Science,"Kacperczyk, O., & Younkin, P. (2022). A founding penalty: evidence from an audit study on gender, entrepreneurship, and future employment. Organization Science, 33(2), 716-745.",https://pubsonline.informs.org/doi/full/10.1287/orsc.2021.1456,2,non-psych,2022,no,no,no,no,yes,between,1,1,413,t(411) = 2.05,non-founder > ex-founder,no,188,t(155.59)= -0.80127,0.75,0.5,0.75
tamir2012,NA,stats,done,NA,2012-2013,PNAS,"Tamir, D. I., & Mitchell, J. P. (2012). Disclosing information about the self is intrinsically rewarding. Proceedings of the National Academy of Sciences, 109(21), 8038-8043.",https://www.pnas.org/content/109/21/8038.short,2.0,social,2012,no,no,no,no,yes,within,0,195,37,t(36) = 3.32,pay more for self than other,yes,19,t(18) = -0.04,0.25,0.25,NA
liverence2015,NA,stats,done,NA,2015-2016,Psych Sci,"Liverence, B. M., & Scholl, B. J. (2015). Object persistence enhances spatial navigation: A case study in smartphone vision science. Psychological Science, 26(7), 955-963.",https://journals.sagepub.com/doi/abs/10.1177/0956797614547705,1.0,cognitive,2015,no,no,no,no,yes,within,0,100,18,t(17) = 5.22,slide faster than fade,yes,19,t(18) = 0.96,0.5,0,0.25
brady2011,NA,stats,done,NA,2012-2013,Psych Sci,"Brady, T. F., & Alvarez, G. A. (2011). Hierarchical encoding in visual working memory: Ensemble statistics bias memory for individual items. Psychological science, 22(3), 384-392.",https://journals.sagepub.com/doi/abs/10.1177/0956797610397956,1.0,cognitive,2011,no,no,no,yes,yes,within,0,30,21,t(20) = 4.17,whether other same color are bigger than avg -> reported size of target,yes,19,t(18) = 5.08,1,1,NA
tieu2017,exp,stats,done,NA,2016-2017,Journal of Semantics,"Tieu, L., Yatsushiro, K., Cremers, A., Romoli, J., Sauerland, U., & Chemla, E. (2017). On the role of alternatives in the acquisition of simple and complex disjunctions in French and Japanese. Journal of Semantics, 34(1), 127-152.",https://academic.oup.com/jos/article/34/1/127/2555477,1.0,non-psych,2017,no,yes,yes,no,yes,within,0,13,41,t(19)=35.184,"1DT more true than 2DT; = adults prefer exclusive contexts to inclusive contexts for ""OR"" / other disjunctions (in French only (original) v English)",yes,20,t(19)= 35.18,1,1,NA
lloyd2017,NA,stats,done,NA,2018-2019,Psych Sci,"Lloyd, E. P., Hugenberg, K., McConnell, A. R., Kunstman, J. W., & Deska, J. C. (2017). Black and White lies: Race-based biases in deception judgments. Psychological science, 28(8), 1125-1136.",https://journals.sagepub.com/doi/abs/10.1177/0956797617705399,1c,social,2017,no,yes,no,yes,yes,within,0,40,58,t(57) = 8.30,White American participants used the truth response more for Black targets than for White targets,yes,27,t(24) = 3.6168,1,1,NA
hughes2013,NA,stats,done,NA,2017-2018,Psych Sci,"Hughes, M. L., Geraci, L., & De Forrest, R. L. (2013). Aging 5 years in 5 minutes: The effect of taking a memory test on older adults’ subjective age. Psychological Science, 24(12), 2481-2488.",https://journals.sagepub.com/doi/abs/10.1177/0956797613494853,3.0,other-psych,2013,no,no,no,yes,yes,between,1,1,57,t(27) = 2.71,older after taking *memory* test than at baseline,yes,60,t(28)=3.26,1,1,NA
zaval2015,NA,stats,done,NA,2015-2016,Psych Sci,"Zaval, L., Markowitz, E. M., & Weber, E. U. (2015). How will I be remembered? Conserving the environment for the sake of one’s legacy. Psychological science, 26(2), 231-236.",https://journals.sagepub.com/doi/abs/10.1177/0956797614561266,1.0,social,2015,no,yes,yes,yes,yes,between,1,1,312,"F(1,309)=10.07",legacy prime -> more behavior,yes,321,t(318)=1.761212,0.5,0.5,NA
wilkins2014,NA,stats,done,NA,2018-2019,Psych Sci,"Wilkins, C. L., & Kaiser, C. R. (2014). Racial progress as threat to the status hierarchy: Implications for perceptions of anti-White bias. Psychological science, 25(2), 439-446.",https://journals.sagepub.com/doi/abs/10.1177/0956797613508412,2.0,social,2014,no,no,yes,yes,yes,between,1,1,168,t(156) = 2.66,SLB x condition -> perception of anti-white,yes,37,t(32)=-0.406,0,0.25,0
hart2018,exp,stats,done,NA,2019-2020,Scientific Reports,"Hart, Y., Dillon, M. R., Marantan, A., Cardenas, A. L., Spelke, E., & Mahadevan, L. (2018). The statistical shape of geometric reasoning. Scientific reports, 8(1), 1-12.",https://www.nature.com/articles/s41598-018-30314-y,2.0,cognitive,2018,no,yes,no,yes,yes,within,0,150,100,t(99)= -6.354,the sublinearity of the scaling exponent,yes,37,t(36)=-6.4501,0.5,0.75,0.5
störmer2016,NA,stats,done,NA,2016-2017,Psych Sci,"Störmer, V. S., & Alvarez, G. A. (2016). Attention alters perceived attractiveness. Psychological Science, 27(4), 563-571.",https://journals.sagepub.com/doi/abs/10.1177/0956797616630964,3.0,cognitive,2016,no,no,no,no,yes,within,0,1200,16,t(15)=2.51,"when the two faces were physically identical, participants tended to judge the face at the cued location to have higher contrast than the face at the uncued location",yes,39,t(38)=-1.75,0.75,0.9,0.75
shah2015,NA,stats,done,NA,2015-2016,Psych Sci,"Shah, A. K., Shafir, E., & Mullainathan, S. (2015). Scarcity frames value. Psychological science, 26(4), 402-412.",https://journals.sagepub.com/doi/abs/10.1177/0956797614563958,1b-1c,non-psych,2015,no,yes,yes,yes,yes,between,1,1,577,"F(1, 574) = 5.68",that the “beer on the beach” effect - where individuals provide a higher willingness to pay (WTP) for an identical beer when it is to be purchased from a resort bar compared to a grocery store - is moderated by income level,yes,387,t(383)=3.065,1,1,NA
richter2012,exp,stats,done,NA,2012-2013,Psych Sci,"Richter, F. R., & Yeung, N. (2012). Memory and cognitive control in task switching. Psychological Science, 23(10), 1256-1263.",https://journals.sagepub.com/doi/full/10.1177/0956797612444613,1.0,cognitive,2012,no,no,no,no,yes,within,0,240,18,t(17) = -2.60,switch v repeat effect on attended items only,yes,45,t(44) = 3.32,0,0,NA
savani2012,NA,stats,done,NA,2012-2013,Psych Sci,"Savani, K., & Rattan, A. (2012). A choice mind-set increases the acceptance and maintenance of wealth inequality. Psychological science, 23(7), 796-804.",https://journals.sagepub.com/doi/abs/10.1177/0956797611434540,1.0,social,2012,no,no,no,yes,yes,between,0,10,48,t(42) = 2.29,participants in the choice condition were less disturbed by wealth inequality than participants in the control condition,yes,51,t(44)=.03,0,0,NA
wilson2014,NA,stats,done,NA,2014-2015,Science,"Wilson, T. D., Reinhard, D. A., Westgate, E. C., Gilbert, D. T., Ellerbeck, N., Hahn, C., ... & Shaked, A. (2014). Just think: The challenges of the disengaged mind. Science, 345(6192), 75-77.",https://science.sciencemag.org/content/345/6192/75,8.0,social,2014,no,no,no,no,yes,between,1,1,30,t(28) = 4.83,enjoyed the external activities much more than just thinking (under modified=stricter exclusion criteria),yes,52,t(49) = 6.00,1,1,NA
atir2015,NA,stats,done,NA,2015-2016,Psych Sci,"Atir, S., Rosenzweig, E., & Dunning, D. (2015). When knowledge knows no bounds: Self-perceived expertise predicts claims of impossible knowledge. Psychological Science, 26(8), 1295-1303.",https://journals.sagepub.com/doi/abs/10.1177/0956797615588195,1b,social,2015,no,no,yes,yes,yes,between,1,1,202,t(199)=13.07,people who self-rated their financial knowledge to be higher claimed knowledge of non-existent financial terms at a higher rate than people who self-rated their financial knowledge to be low,yes,53,t(49)=6.112962,1,1,NA
kovacs2010,NA,stats,done,NA,2012-2013,Science,"Kovács, Á. M., Téglás, E., & Endress, A. D. (2010). The social sense: Susceptibility to others’ beliefs in human infants and adults. Science, 330(6012), 1830-1834.",https://science.sciencemag.org/content/330/6012/1830.short,1.0,cognitive,2010,no,no,no,no,yes,within,0,40,24,t(23)=2.42,P-A- with P-A+,yes,54,t(53)=4.366,1,1,NA
birch2007_2,NA,stats,done,NA,2018-2019,Psych Sci,"Birch, S. A., & Bloom, P. (2007). The curse of knowledge in reasoning about false beliefs. Psychological Science, 18(5), 382-386.",https://journals.sagepub.com/doi/abs/10.1111/j.1467-9280.2007.01909.x,1.0,cognitive,2007,no,no,yes,no,yes,between,1,1,155,t(105)=-2.42,red box: ignorance < knowledge-plausible,yes,73,t(70.25) = -0.65,0,0,NA
paxton2012,NA,stats,done,NA,2019-2020,Cognitive Science,"Paxton, J. M., Ungar, L., & Greene, J. D. (2012). Reflection and reasoning in moral judgment. Cognitive science, 36(1), 163-177.",https://onlinelibrary.wiley.com/doi/abs/10.1111/j.1551-6709.2011.01210.x,1.0,cognitive,2012,no,no,no,yes,yes,between,0,3,92,t(90) = 2.03,order -> rating,no,82,t(80)=-0.35568,0,0,NA
porter_2016_4,NA,stats,done,NA,2018-2019,Psych Sci,"Porter, S. C., Rheinschmidt-Same, M., & Richeson, J. A. (2016). Inferring identity from language: Linguistic intergroup bias informs social categorization. Psychological science, 27(1), 94-102.",https://journals.sagepub.com/doi/abs/10.1177/0956797615612202,1a,social,2016,no,yes,yes,yes,yes,between,1,1,88,t(86) = 2.89,LIB condition -> politics of communicator,yes,87,t(82.92) = 0.65,0,0,NA
vohs2006,NA,stats,done,NA,2012-2013,Science,"Vohs, K. D., Mead, N. L., & Goode, M. R. (2006). The psychological consequences of money. science, 314(5802), 1154-1156.",https://science.sciencemag.org/content/314/5802/1154.short,6.0,social,2006,no,no,no,no,yes,between,1,1,40,t(38) = 2.13,priming -> donation,yes,86,t(85) = -0.58,0.5,0,0.25
haimovitz2016_1,NA,stats,done,NA,2017-2018,Psych Sci,"Haimovitz, K., & Dweck, C. S. (2016). What predicts children’s fixed and growth intelligence mind-sets? Not their parents’ views of intelligence but their parents’ views of failure. Psychological science, 27(6), 859-869.",https://pdfs.semanticscholar.org/7172/b578bfc9a77fbcd34c8e2417b674977f73fc.pdf?te=1&nl=nyt-parenting&emc=edit_ptg_20200108,4.0,social,2016,yes,no,yes,yes,yes,between,1,1,132,t(131) = 3.246,priming condition in performance and learning oriented responses,no,97,t(93) = -1.93,0,0,NA
wal2021,NA,stats,done,NA,2022-2023,NA,"Ter Wal, M., Linde-Domingo, J., Lifanov, J., Roux, F., Kolibius, L. D., Gollwitzer, S., ... & Wimber, M. (2021). Theta rhythmicity governs human behavior and hippocampal signals during memory-dependent tasks. Nature communications, 12(1), 1-15.",https://www.nature.com/articles/s41467-021-27323-3,"1,5",other-psych,2021,no,yes,no,no,yes,between,0,256,321,t(556) = 6.55,higher O-scores for memory-dependent than memory-independent task phases,yes,47,t(65)=1.595,0.75,0.75,NA
scopelliti2015_1,exp,stats,done,sample sizes weird,2015-2016,Psych Sci,"Scopelliti, I., Loewenstein, G., & Vosgerau, J. (2015). You call it “Self-Exuberance”; I call it “Bragging” miscalibrated predictions of emotional responses to self-promotion. Psychological science, 26(6), 903-914.",https://journals.sagepub.com/doi/full/10.1177/0956797615573516,3.0,other-psych,2015,no,no,yes,yes,yes,between,1,1,550,"MSD4: m1=5.28(1.20), m2=4.85(1.36), m3=4.31(1.57), m4=4.52(1.51)",condition x eval -> liking,no,124,"MSD4: m1=5.25(.886), m2=5(1.25), m3=4.5(1.37), m4=4.32(1.38)",0,0,NA
garciacastro2020,NA,stats,done,NA,2022-2023,NA,"García-Castro, J. D., Rodríguez-Bailón, R., & Willis, G. B. (2020). Perceiving economic inequality in everyday life decreases tolerance to inequality. Journal of Experimental Social Psychology, 90, 104019.",https://www.sciencedirect.com/science/article/pii/S0022103120303590,3a,social,2020,no,yes,yes,no,yes,between,1,1,372,"MCI2: m1=5.50 [5.31, 5.68], m2=5.18 [5.00, 5.37]",difference between condition on intolerance of inequality,yes,118,"MCI2: m1 = 5.79 [5.39,6.19], m2= 5.63 [5.19, 6.06]",0,0,NA
maddux2008,NA,stats,done,NA,2022-2023,NA,"Maddux, W. W., Galinsky, A. D., Cuddy, A. J., & Polifroni, M. (2008). When being a model minority is good... and bad: Realistic threat explains negativity toward Asian Americans. Personality and Social Psychology Bulletin, 34(1), 74-89.",https://journals.sagepub.com/doi/abs/10.1177/0146167207309195,3.0,social,2008,no,no,no,no,yes,between,1,1,40,"MSD2: m1=62.11(22.91), m2=78.57(17.90)",affect ratings as a function of condition,yes,77,"MSD2: m1 = 71.2 (17.4), m2= 79.9 (17.5)",1,1,NA
albarracín2008,NA,stats,done,NA,2011-2012,JPSP,"Albarracín, D., Handley, I. M., Noguchi, K., McCulloch, K. C., Li, H., Leeper, J., ... & Hart, W. P. (2008). Increasing and decreasing motor and cognitive output: a model of general action and inaction goals. Journal of Personality and Social Psychology, 95(3), 510.",https://www.ncbi.nlm.nih.gov/pmc/articles/PMC3626413/,5.0,social,2008,no,no,no,no,yes,between,1,1,36,"MSD2: m1= 12.83 ( 1.86), m2= 10.78 ( 3.15)",prime -> performance,no,88,"MSD2: m1= 11.33 ( 3.84), m2=11.57 ( 3.86)",0,0,NA
reis2018,NA,stats,done,NA,2022-2023,NA,"Reis, H. T., Lee, K. Y., O'Keefe, S. D., & Clark, M. S. (2018). Perceived partner responsiveness promotes intellectual humility. Journal of Experimental Social Psychology, 79, 21-33.",https://www.sciencedirect.com/science/article/pii/S002210311830009X,5.0,social,2018,no,yes,yes,no,yes,between,0,16,350,"MSD2: m1=12.27(4.38), m2=10.51(5.04)",difference in global-processing mean scores between the responsive and unresponsive conditions,no,208,"MSD2: m1=12.3(4.38), m2=10.5(5.04)",0,0,NA
stavrova2020,NA,stats,done,NA,2020-2021,JEP:G,"Stavrova, O., Ehlebracht, D., & Vohs, K. D. (2020). Victims, perpetrators, or both? The vicious cycle of disrespect and cynical beliefs about human nature. Journal of Experimental Psychology: General, 149(9), 1736.",https://psycnet.apa.org/doiLanding?doi=10.1037/xge0000738,3.0,social,2020,no,yes,yes,yes,yes,between,1,1,223,"MSD2: m1=3.90(1.29), m2=3.40(1.22)",disrespect > guilt -> cynacism,yes,194,"MSD2: m1=4.52657(1.464162), m2=4.30839(1.526361)",0,0,NA
schaerer2015,NA,stats,done,NA,2015-2016,Psych Sci,"Schaerer, M., Swaab, R. I., & Galinsky, A. D. (2015). Anchors weigh more than power: Why absolute powerlessness liberates negotiators to achieve better outcomes. Psychological science, 26(2), 170-181.",https://journals.sagepub.com/doi/full/10.1177/0956797614558718,1a,social,2015,no,no,no,yes,yes,between,1,1,288,"MSD2: m1=4.57 (1.74), m2=7.61(5.33)",weak vs. none on first offer,yes,143,"MSD2: m1=4.79(2.50), m2=7.58(3.44)",1,1,NA
galperin2020,NA,stats,done,NA,2021-2022,Administrative Science Quarterly,"Galperin, R. V., Hahl, O., Sterling, A. D., & Guo, J. (2020). Too good to hire? Capability and inferences about commitment in labor markets. Administrative Science Quarterly, 65(2), 275-313.",https://journals.sagepub.com/doi/full/10.1177/0001839219840022,2,non-psych,2020,no,no,no,no,yes,between,1,1,212,"MSD2: m1 = 6.04 (1.18), m2 = 5.17 (1.46)","in high commitment, high capable > mid capable",no,137,"MSD2: m1=5.65 (0.889), m2=5.56(1.34)",0,0,NA
schnall2008,NA,stats,done,NA,2012-2013,Psych Sci,"Schnall, S., Benton, J., & Harvey, S. (2008). With a clean conscience: Cleanliness reduces the severity of moral judgments. Psychological science, 19(12), 1219-1222.",https://journals.sagepub.com/doi/abs/10.1111/j.1467-9280.2008.02227.x,1.0,social,2008,no,no,no,no,yes,between,1,6,40,"MSD2: m1= 4.98 (1.26), m2= 5.81 ( 1.47)",prime -> severity,yes,90,"MSD2: m1=6.50 (1.92), m2= 6.67 (1.51)",0.25,0,0
jordan2017_2,NA,stats,done,NA,2018-2019,Psych Sci,"Jordan, J. J., Sommers, R., Bloom, P., & Rand, D. G. (2017). Why do we hate hypocrites? Evidence for a theory of false signaling. Psychological science, 28(3), 356-368.",https://journals.sagepub.com/doi/abs/10.1177/0956797616685771,4.0,other-psych,2017,no,yes,yes,yes,yes,between,0,4,457,"MSD2: m1=34.35 (13.76), m2=46.62 (14.01)",The original paper’s primary statistical analysis was replicated as traditional hypocrites were judged more negatively than honest hypocrites,yes,300,"MSD2: m1= 35.45 (19.04),  m2 = 51.97 (17.23)",1,1,NA
porter_2016_3,NA,stats,done,NA,2018-2019,Psych Sci,"Porter, S. C., Rheinschmidt-Same, M., & Richeson, J. A. (2016). Inferring identity from language: Linguistic intergroup bias informs social categorization. Psychological science, 27(1), 94-102.",https://journals.sagepub.com/doi/abs/10.1177/0956797615612202,2.0,social,2016,no,yes,yes,yes,yes,between,1,1,118,"MSD2: m1= 4.90 (0.99), m2=4.33 (.90)",Participants in the favorable-LIB condition believed that the communicator was less likely to support the policy than did participants in the unfavorable-LIB condition,yes,78,"MSD2: m1= 5.45(0.89), m2= 4.83 (1.28)",0.5,1,1
chou2016,NA,stats,done,NA,2017-2018,Psych Sci,"Chou, E. Y., Parmar, B. L., & Galinsky, A. D. (2016). Economic insecurity increases physical pain. Psychological Science, 27(4), 443-454.",https://journals.sagepub.com/doi/abs/10.1177/0956797615625640,5.0,other-psych,2016,no,no,no,yes,yes,between,1,1,100,"MSD2: m1=13.75 (21.49), m2 = 6.57 (11.62)",high control condition  has less reported pain than low control condition,no,158,"MSD2: m1=18.51(24.33), m2=23.10(23.88)",0,0,NA
shariff2014,NA,stats,done,NA,2014-2015,Psych Sci,"Shariff, A. F., Greene, J. D., Karremans, J. C., Luguri, J. B., Clark, C. J., Schooler, J. W., ... & Vohs, K. D. (2014). Free will and punishment: A mechanistic view of human nature reduces retribution. Psychological science, 25(8), 1563-1570.",https://journals.sagepub.com/doi/full/10.1177/0956797614534693,3.0,social,2014,no,no,yes,no,yes,between,1,1,88,"MSD2: m1= 3.10( 1.48), m2= 3.83 ( 1.77)",neurosci reading -> shorter sentences,yes,64,"MSD2: m1=3.12 (1.78), m2= 3.35 (1.87)",0.5,0,0
okonofua2022,NA,stats,done,NA,2022-2023,NA,"Okonofua, J. A., Paunesku, D., & Walton, G. M. (2016). Brief intervention to encourage empathic discipline cuts suspension rates in half among adolescents. Proceedings of the National Academy of Sciences, 113(19), 5221-5226.",https://www.pnas.org/doi/abs/10.1073/pnas.1523698113,2.0,social,2016,yes,no,no,no,yes,between,1,1,300,"MSD2: m1=5.23 (1.14), m2=2.47 (1.09)",condition on reported teacher respect (empathetic=treatment v punitive=control),yes,12,"MSD2: m1=4.041667(1.32662), m2=2.818182(1.621821)",0.75,0.75,NA
okan2018,NA,stats,done,NA,2020-2021,Quarterly Journal of Experimental Psychology,"Okan, Y., Garcia-Retamero, R., Cokely, E. T., & Maldonado, A. (2018). Biasing and debiasing health decisions with bar graphs: Costs and benefits of graph literacy. Quarterly Journal of Experimental Psychology, 71(12), 2506-2519.",https://journals.sagepub.com/doi/full/10.1177/1747021817744546,3.0,cognitive,2018,no,no,yes,yes,yes,between,1,1,611,"MSD4: m1=2.62(1.62), m2=5.26(1.82), m3=2.72(1.67), m4=4.41(2.21)",below-the-bar ~ condition (bar v. dot),yes,81,"MSD4: m1=3.26(1.91), m2=5.40(1.59), m3=3.67(2.00), m4=4.67(2.06)",0.25,0.75,0.75
obrien2015,NA,stats,done,NA,2017-2018,JEP:G,"O'Brien, E. (2015). Mapping out past and future minds: The perceived trajectory of rationality versus emotionality over time. Journal of Experimental Psychology: General, 144(3), 624.",https://psycnet.apa.org/record/2015-24174-006,4.0,social,2015,no,no,no,yes,yes,between,1,1,224,"MSD4: m1=6.90(3.57), m2=5.03(3.43), m3=3.45(2.74), m4=4.63(2.97)",task x role-model,no,148,"MSE4: m1=4.8(.6), m2=5.5(.6), m3=3.8(.5), m4=3.7(.5)",0,0,NA
endress2009,NA,stats,done,NA,2012-2013,PNAS,"Endress, A. D., & Hauser, M. D. (2009). Syntax-induced pattern deafness. Proceedings of the National Academy of Sciences, 106(49), 21001-21006.",https://www.pnas.org/content/106/49/21001.short,1.0,cognitive,2009,no,no,yes,no,yes,within,0,20,20,"MSD1: m1=53(10.7), comp=50",null effect of accuracy compared to chance,no,80,"MSD1: m1=49.9(11), comp=50",1,1,NA
child2018,NA,stats,done,NA,2020-2021,"Language, cognition, and neuroscience","Child, S., Oakhill, J., & Garnham, A. (2018). You’re the emotional one: the role of perspective for emotion processing in reading comprehension. Language, cognition and neuroscience, 33(7), 878-889.",https://www.tandfonline.com/doi/pdf/10.1080/23273798.2018.1431397,1.0,other-psych,2018,no,no,yes,no,yes,within,0,24,35,"MSD2: m1= 2201 (1284), m2= 2350( 1351)",perspective predicting RT in positive passages,yes,40,"MSD2: m1=1860(1510), m2=1.96(1.49)
",0.75,0.25,0.5
sloman2016_2,NA,stats,done,NA,2017-2018,Psych Sci,"Sloman, S. A., & Rabb, N. (2016). Your understanding is my understanding: Evidence for a community of knowledge. Psychological science, 27(11), 1451-1460.",https://journals.sagepub.com/doi/abs/10.1177/0956797616662271,1.0,cognitive,2016,no,yes,yes,yes,yes,within,0,4,70,"MSD2: m1=2.42(1.81), m2=1.79(1.03)",understanding was significantly higher in the explained condition than in the unexplained condition:,yes,61,"MSD2: m1=2.085938(1.328236), m2=1.828125 (1.255598)",1,1,NA
ngo2019,NA,stats,done,NA,2021-2022,Psych Sci,"Ngo, C. T., Horner, A. J., Newcombe, N. S., & Olson, I. R. (2019). Development of holistic episodic recollection. Psychological science, 30(12), 1696-1706.",https://journals.sagepub.com/doi/full/10.1177/0956797619879441,1 (younger adults only),cognitive,2019,no,yes,yes,no,yes,within,0,144,31,"MSE1: m1=.07 (.01), comp=0",dependency > 0,yes,12,"MSE1: m1=.04 (.07), comp=0",0,0,NA
todd2016_2,NA,stats,done,NA,2017-2018,Psych Sci,"Todd, A. R., Thiem, K. C., & Neel, R. (2016). Does seeing faces of young black boys facilitate the identification of threatening stimuli?. Psychological science, 27(3), 384-393.",https://journals.sagepub.com/doi/abs/10.1177/0956797615624492,3.0,social,2016,no,no,no,no,yes,within,0,288,62,"MSD4: m1=30.45(15.67713), m2=32.9(15.67498), m3=35.7(16.33677), m4=29.4(16.11366)",race x target on error rate,yes,14,"MSD4: m1=7.496705(6.881618), m2= 13.51093(11.64632),m3= 10.37363 (11.09211), m4=11.48335 (13.08902)",1,0.9,0.75
todd2016_1,NA,stats,done,NA,2016-2017,Psych Sci,"Todd, A. R., Thiem, K. C., & Neel, R. (2016). Does seeing faces of young black boys facilitate the identification of threatening stimuli?. Psychological science, 27(3), 384-393.",https://journals.sagepub.com/doi/abs/10.1177/0956797615624492,1.0,social,2016,no,no,yes,no,yes,within,0,144,63,"MSD4: m1=255.8(35), m2=296.6(30.7), m3=261.9(37.4), m4=287.7(30.7)",race x target on RT,no,26,"MSE4: m1=449.6 ( 8.9), m2 = 435 ( 20.7), m3 = 447.5( 8.6), m4= 433.7(23)",0,0,NA
kiyonaga2014,NA,stats,done,NA,2014-2015,Psych Sci,"Kiyonaga, A., & Egner, T. (2014). The working memory Stroop effect: When internal representations clash with external stimuli. Psychological science, 25(8), 1619-1629.",https://journals.sagepub.com/doi/full/10.1177/0956797614536739,1.0,cognitive,2014,no,no,yes,yes,yes,within,0,216,35,"MSD2: m1=677(146), m2=761(186)",participants were much slower to make the ink-color response in the incongruent condition than in the congruent condition,yes,32,"MSD2: m1=525(96), m2=610(109.1)",1,0.5,0.75
brown-iannuzzi2017_1,NA,stats,done,NA,2016-2017,Psych Sci,"Brown-Iannuzzi, J. L., Dotsch, R., Cooley, E., & Payne, B. K. (2017). The relationship between mental representations of welfare recipients and attitudes toward welfare. Psychological science, 28(1), 92-103.",https://journals.sagepub.com/doi/abs/10.1177/0956797616674999,supplement -- 3 with study 1 images,social,2017,no,yes,yes,yes,yes,within,1,2,234,"MCI2: m1=2.95 [ 2.78, 3.13], m2=3.80 [ 3.65, 3.96]",Participants were less supportive of giving cash assistance to the welfare image,yes,43,"MCI2: m1=3.42[2.98,3.86], m2=3.98[3.62, 4.34]",1,1,NA
fu2014,no,stats,done,unequal sample,2014-2015,Personality and Social Psychology Bulletin,"Fu, A. S., & Markus, H. R. (2014). My mother and me: Why tiger mothers motivate Asian Americans but not European Americans. Personality and Social Psychology Bulletin, 40(6), 739-749.",https://journals.sagepub.com/doi/abs/10.1177/0146167214524992,3a,social,2014,yes,no,no,no,yes,between,1,1,117,"F(1, 113) = 6.12",culture x condition -> # anagrams attempted,no,20,"F(1, 14)=.06",0,0,NA
brown-iannuzzi2017_2,exp,stats,done,mismatch between MSD and t-test,2019-2020,Psych Sci,"Brown-Iannuzzi, J. L., Dotsch, R., Cooley, E., & Payne, B. K. (2017). The relationship between mental representations of welfare recipients and attitudes toward welfare. Psychological science, 28(1), 92-103.",https://journals.sagepub.com/doi/abs/10.1177/0956797616674999,3.0,social,2017,no,yes,yes,yes,yes,within,1,2,229,"MCI2: m1=4.54[4.41,4.66],m2=3.41[3.24,3.58]",responsibility rating for welfare v non-welfare,yes,29,"F(1,56)=16.72",1,1,NA
correll2007,exp,stats,done,mismatch between MSD and t-test,2016-2017,American journal of sociology,"Correll, S. J., Benard, S., & Paik, I. (2007). Getting a job: Is there a motherhood penalty?. American journal of sociology, 112(5), 1297-1338.",https://www.journals.uchicago.edu/doi/abs/10.1086/511799,1 (laboratory experiment),non-psych,2007,no,no,no,no,yes,within,0,2,188,"MSD2: m1=5.19(.73),m2=5.75(.58)",motherhood -> competence,yes,198,t(197)=-0.99802398,0.5,0,0.25
kouchaki2018,exp,stats,done,mismatch between MSD and t-test,2019-2020,Psych Sci,"Kouchaki, M., Dobson, K. S., Waytz, A., & Kteily, N. S. (2018). The link between self-dehumanization and immoral behavior. Psychological science, 29(8), 1234-1246.",https://journals.sagepub.com/doi/abs/10.1177/0956797618760784,1a,social,2018,no,yes,no,yes,yes,between,1,1,156,"MSD2: m1=5.82(1.11), m2=6.23(.65)",unethical v eithical on self-dehumanization,yes,119,t(35.386)=3.7832,1,1,NA
brandone2015,NA,pred_int,done,NA,2014-2015,Cognitive Science,"Brandone, A. C., Gelman, S. A., & Hedglen, J. (2015). Children's developing intuitions about the truth conditions and implications of novel generics versus quantified statements. Cognitive science, 39(4), 711-738.",https://onlinelibrary.wiley.com/doi/abs/10.1111/cogs.12176,"1,2 (adult portion)",cognitive,2015,no,no,no,no,yes,between,0,32,32,"MSD2: m1=99.0 (4.2), m2=87.5 (15.5)",Truth value v implied prevelance for generic: The average prevalence that led participants to accept generics in the truth condition task (Study 1) was significantly lower than the average prevalence implied by them in Study 2.,yes,100,"bse b=0.15 (0.02)
",1,1,NA
rottman2019,NA,stats,done,NA,2019-2020,Psych Sci,"Rottman, J., & Young, L. (2019). Specks of dirt and tons of pain: Dosage distinguishes impurity from harm. Psychological Science, 30(8), 1151-1160.",https://journals.sagepub.com/doi/abs/10.1177/0956797619855382,1.0,other-psych,2019,no,yes,yes,yes,yes,within,0,16,177,"MSD2: m1=14.605(20.395),m2=4.185(16.060)",difference in wrongness between dosages (high and low) across harm and purity domains,yes,157,"MSD2: m1=11.5(17.9),m2=4.48(17.3)",0.5,0.75,0.5
tribushinina2011,NA,stats,done,NA,2016-2017,Linguistics,"Tribushinina, E. (2011). Once again on norms and comparison classes. Linguistics, 49(3), 525–553.",https://www.degruyter.com/view/j/ling.2011.49.issue-3/ling.2011.016/ling.2011.016.xml,1.0,non-psych,2011,no,no,no,no,yes,within,0,48,20,"MSD2: m1=1.65(.9),m2=2.6(1.3)",klein > groot,yes,35,"MSD2: m1=2.065805(0.9357695),m2=3.059859(1.2454133)",1,1,NA
verdugo2022,NA,stats,done,NA,2022-2023,NA,"Romero Verdugo, P., van Lieshout, L. L., de Lange, F. P., & Cools, R. (2020). Choice boosts curiosity. Psychological Science, 09567976221082637.",https://journals.sagepub.com/doi/full/10.1177/09567976221082637,1.0,cognitive,2020,no,no,no,no,yes,within,0,232,34,"MSD2: m1=2.94(.33), m2=2.78(.3)",key analysis of interest is the contrast in self-reported curiosity between Choice/Preferred and No-Choice/Preferred conditions,yes,31,"MSD2: m1=3.045977(.9111772), m2=2.940476(.9737666)",0.25,0.5,0.5
monin2008,exp,stats,done,NA,2011-2012,JPSP,"Monin, B., Sawyer, P. J., & Marquez, M. J. (2008). The rejection of moral rebels: resenting those who do the right thing. Journal of personality and social psychology, 95(1), 76.",https://psycnet.apa.org/record/2008-08084-006,4.0,social,2008,yes,no,no,no,yes,between,1,1,67,"MSD2: m1=2.54 (1.95), m2=.02 (2.38)",Difference between rebel affirm and rebel-no-affirm on attractive,no,75,"MSD2: m1=.02 (1.88), m2=.27 (1.72)",0,0,NA
craig2014,exp,stats,done,NA,2021-2022,Psych Sci,"Craig, M. A., & Richeson, J. A. (2014). On the precipice of a “majority-minority” America: Perceived status threat from the racial demographic shift affects White Americans’ political ideology. Psychological science, 25(6), 1189-1197.",https://journals.sagepub.com/doi/full/10.1177/0956797614527113,3a,social,2014,yes,yes,yes,yes,yes,between,1,1,170,"MSE2: m1=.15 (.06), m2=-.08(.06)","racial shift v ""allay concerns"" articles on overall (conservative ) policy attitudes",yes,114,"MSD2: m1=.271 (3.51), m2=-.721 (3.82)",0,0,NA
sloman2016_1,exp,stats,done,NA,2016-2017,Psych Sci,"Sloman, S. A., & Rabb, N. (2016). Your understanding is my understanding: Evidence for a community of knowledge. Psychological science, 27(11), 1451-1460.",https://journals.sagepub.com/doi/full/10.1177/0956797616662271,2.0,cognitive,2016,no,yes,yes,yes,yes,within,0,6,106,"MSD2: m1=1.93(1.35), m2=1.77(1.22)",Public CK v secret CK on reported understanding,yes,158,"MSD2: m1=2.37 (1.75), m2=2.18(1.70)",1,1,NA
nekmat2019,NA,stats,done,NA,2017-2018,Communication Research,"Nekmat, E., Gower, K. K., Zhou, S., & Metzger, M. (2019). Connective-collective action on social media: Moderated mediation of cognitive elaboration and perceived source credibility on personalness of source. Communication Research, 46(1), 62-87.",https://journals.sagepub.com/doi/abs/10.1177/0093650215609676,1.0,social,2019,no,no,yes,no,no,between,1,1,208,"MSD2: m1=5.44(1.21), m2=4.02(1.41)","H1: Receiving messages directly from personal sources (i.e., family,friends) as compared with impersonal sources (i.e., organizational source) will lead to greater willingness to participate in connective-collective activities on social media.",yes,58,"MSD2: m1=2.48(1.17), m2=2.32(1.20)",0,0,NA
pilditch2019,NA,stats,done,NA,2019-2020,Psych Sci,"Pilditch, T. D., Fenton, N., & Lagnado, D. (2019). The zero-sum fallacy in evidence evaluation. Psychological science, 30(2), 250-260.",https://journals.sagepub.com/doi/abs/10.1177/0956797618818484,2.0,cognitive,2019,no,yes,yes,yes,yes,between,0,4,193,"MSD2: m1=2.928737(1.319933), m2=2.06 (1.509039)",overall effect of test-result on correctness,yes,58,"MSD2: m1=3.166667 (1.163531), m2=1.821429(1.685270)",0.5,0.5,NA
henderson2008,exp,stats,done,NA,2011-2012,JPSP,"Henderson, M. D., De Liver, Y., & Gollwitzer, P. M. (2008). The effects of an implemental mind-set on attitude strength. Journal of personality and social psychology, 94(3), 396.",https://psycnet.apa.org/record/2008-01768-003,2.0,social,2008,no,no,no,no,yes,between,1,1,123,"MSD2: m1=2.46 (.55), m2=2.80 (.66)",implemental v neutral mindset on ambivalence,no,23,"MSD2: m1=3.28(1.51) , m2=2.55 (.58)",0,0,NA
huh2016,NA,stats,done,NA,2017-2018,Psych Sci,"Huh, Y. E., Vosgerau, J., & Morewedge, C. K. (2016). More similar but less satisfying: Comparing preferences for and the efficacy of within-and cross-category substitutes for food. Psychological Science, 27(6), 894-903.",https://journals.sagepub.com/doi/abs/10.1177/0956797616640705,1.0,other-psych,2016,no,yes,yes,yes,yes,within,0,10,101,"MSD2: m1=3.48(.81),m2=2.86(.90)",expected enjoyment of cross-class v within-class items,yes,55,"MSD2: m1=3.57 (.72), m2=2.86 (.87)",1,1,NA
jordan2017_1,no,stats,done,NA,2018-2019,Psych Sci,"Jordan, J. J., Sommers, R., Bloom, P., & Rand, D. G. (2017). Why do we hate hypocrites? Evidence for a theory of false signaling. Psychological science, 28(3), 356-368.",https://journals.sagepub.com/doi/abs/10.1177/0956797616685771,3.0,other-psych,2017,no,yes,yes,yes,yes,between,0,4,451,"MSD2: m1=32.07 (15.93), m2=36.15 (15.37)",hypocrite versus liar on eval,yes,338,"MSD2: m1=34.6 (20.6), m2=36.1 (15.8)",0,0.9,0.5
zitek2012,stats,stats,done,NA,2014-2015,JPSP,"Zitek, E. M., & Tiedens, L. Z. (2012). The fluency of social hierarchy: the ease with which hierarchical relationships are seen, remembered, learned, and liked. Journal of personality and social psychology, 102(1), 98.",https://psycnet.apa.org/record/2011-20585-001,1.0,social,2012,no,no,no,no,yes,within,0,92,94,"MSD2: m1=459.32 (63.06), m2=460.77(66.608)",difference in reaction time between heirarchy and equality conditions (pooling across the two equality conditions),yes,243,"MSD2: m1=572.1 (179.3), m2=572.15 (179.763)",0,0,NA
piff2012,NA,exp,done,"replication does not give statistics, or sd’s, only a p-value",2012-2013,PNAS,"Piff, P. K., Stancato, D. M., Côté, S., Mendoza-Denton, R., & Keltner, D. (2012). Higher social class predicts increased unethical behavior. Proceedings of the National Academy of Sciences, 109(11), 4086-4091.",https://www.pnas.org/content/109/11/4086?phpMyAdmin=cfc2644bd9c947213a0141747c2608b0,7.0,social,2012,no,no,no,yes,yes,between,1,1,90,t(84) = -2.34,social-class x greed-manipulation,yes,84,NA,0.5,0,0
peer2022,exp,stats,done,NA,2021-2022,Behavioral Research Methods,"Peer, E., Rothschild, D., Gordon, A., Evernden, Z., & Damer, E. (2022). Data quality of platforms and panels for online behavioral research. Behavior Research Methods, 54(4), 1643-1662.",https://link.springer.com/article/10.3758/s13428-021-01694-3,2,other-psych,2022,no,no,yes,yes,yes,between,0,7,500,"MSD2: m1=5.87 (1.0), m2=4.55(1.9)",site (prolific v mturk) on overall data quality,yes,235,"MSD2: m1=6.26(1.41), m2=4.57(2.47)",1,0.5,0.75
li2020,NA,stats,done,NA,2021-2022,Scientific Reports,"Li, Q., Joo, S. J., Yeatman, J. D., & Reinecke, K. (2020). Controlling for participants’ viewing distance in large-scale, psychophysical online experiments using a virtual chinrest. Scientific reports, 10(1), 1-11.",https://www.nature.com/articles/s41598-019-57204-1,4,cognitive,2020,yes,no,yes,no,yes,between,0,50,793,"MSE2: m1=1.61(.02),m2=2.66(.06)",eccentricity (4 vs 6) effects visual crowding,yes,37,"MSE2: m1=1.585200(0.0960001),m2=1.893182(0.1916497)",0.5,0.75,0.5
aryani2020,NA,stats,done,NA,2020-2021,Psych Sci,"Aryani, A., Isbilen, E. S., & Christiansen, M. H. (2020). Affective arousal links sound to meaning. Psychological science, 31(8), 978-986.",https://journals.sagepub.com/doi/full/10.1177/0956797620927967,1.0,other-psych,2020,no,no,yes,no,yes,within,0,58,28,"MSE2: m1=3.45(.039),m2=2.43(.037)",higher arousal for spiky shapes than rounded ones,yes,25,"MSE2: m1=3.79(.153),m2=2.73(.147)",1,1,NA
belding2015,NA,stats,done,NA,2021-2022,Personality and Social Psychology Bulletin,"Belding, J. N., Naufel, K. Z., & Fujita, K. (2015). Using high-level construal and perceptions of changeability to promote self-change over self-protection motives in response to negative feedback. Personality and Social Psychology Bulletin, 41(6), 822-838.",https://journals.sagepub.com/doi/pdf/10.1177/0146167215580776,3A,social,2015,no,no,yes,yes,yes,between,1,1,327,"MSD2: m1=3.95 (1.55), m2=3.51 (1.74)","in changeable, high > low",yes,292,"MSE2: m1=4.28 (.207), m2=4.14 (.215)",0,0,NA
wiltermuth2011,NA,pred_int,done,NA,2016-2017,Organizational Behavior and Human Decision Processes,"Wiltermuth, S. S. (2011). Cheating more when the spoils are split. Organizational Behavior and Human Decision Processes, 115(2), 157-168.",https://www.sciencedirect.com/science/article/pii/S0749597810000841,2.0,non-psych,2011,no,no,no,no,yes,between,1,1,127,"prop 22 / 60, 15 / 67",condition -> # who cheat,yes,36,"prop: 11/ 19, 9 / 17",0,0,NA
keysar2003,NA,pred_int,done,NA,2014-2015,Cognition,"Keysar, B., Lin, S., & Barr, D. J. (2003). Limits on theory of mind use in adults. Cognition, 89(1), 25-41.",https://www.sciencedirect.com/science/article/pii/S0010027703000647,1.0,cognitive,2003,no,no,no,no,yes,within,0,8,38,"prop: 27/38, 0 / 38",difference in error rate between experimental and control conditions,yes,14,"prop: 13 / 14 , 2 / 14",1,1,NA
levine2020,exp,pred_int,done,NA,2020-2021,PNAS,"Levine, S., Kleiman-Weiner, M., Schulz, L., Tenenbaum, J., & Cushman, F. (2020). The logic of universalization guides moral judgment. Proceedings of the National Academy of Sciences, 117(42), 26158-26169.",https://www.pnas.org/doi/abs/10.1073/pnas.2014505117,2a,cognitive,2020,no,no,yes,yes,yes,between,0,1,608,"prop 231 / 304 , 134 / 304",interest-condition -> moral acceptability,yes,51,"prop: 19 / 26, 14 / 25",0.5,0,0.25
fischer2008,exp,pred_int,done,NA,2011-2012,JPSP,"Fischer, P., Schulz-Hardt, S., & Frey, D. (2008). Selective exposure and information quantity: how different information quantities moderate decision makers' preference for consistent and inconsistent information. Journal of personality and social psychology, 94(2), 231.",http://psycnet.apa.org/journals/psp/94/2/231.pdf,4.0,social,2008,no,no,no,no,yes,between,1,1,155,"prop: 8 / 26 , 21 / 26",proportion consistent in 2 versus 10 (no-focus condition),yes,215,"prop: 29 / 38 , 33 / 38",0.5,0,0
gick1983,NA,pred_int,done,NA,2018-2019,Cognitive Psychology,"Gick, M. L., & Holyoak, K. J. (1983). Schema induction and analogical transfer. Cognitive psychology, 15(1), 1-38.",https://deepblue.lib.umich.edu/handle/2027.42/25331,5.0,cognitive,1983,no,no,yes,no,yes,between,1,1,143,"prop 45 / 73, 28 / 70",number who get soln w/o hint in  with principle and without principle conditions,yes,175,"prop: 32 / 82 , 13 / 93",1,1,NA
dai2008,NA,pred_int,done,NA,2011-2012,Psych Sci,"Dai, X., Wertenbroch, K., & Brendl, C. M. (2008). The value heuristic in judgments of relative frequency. Psychological Science, 19(1), 18.",https://journals.sagepub.com/doi/full/10.1111/j.1467-9280.2008.02039.x,1.0,social,2008,no,no,no,no,yes,between,1,1,63,"prop: 12/31, 21/32","difference in proportion of ""fewer birds"" responses (of all responses) in flower-endowed and bird-endowed",no,26,"prop: 5/15, 2/11",0,0,NA
rychlowska2017,exp,pred_int,done,NA,2017-2018,Psych Sci,"Rychlowska, M., Jack, R. E., Garrod, O. G., Schyns, P. G., Martin, J. D., & Niedenthal, P. M. (2017). Functional smiles: Tools for love, sympathy, and war. Psychological science, 28(9), 1259-1270.",https://journals.sagepub.com/doi/abs/10.1177/0956797617706082,Supp. 4,other-psych,2017,no,no,yes,yes,yes,within,0,75,73,rawprop: 756 / 1095,dominance expressions were categorized as a smile compared to chance (50%),yes,51,rawprop: 555/764,1,1,NA
daffner2000,no,exp,done,NA,2020-2021,Journal of Cognitive Neuroscience,"Daffner, K. R., Scinto, L. F., Calvo, V., Faust, R., Mesulam, M. M., West, W. C., & Holcomb, P. J. (2000). The influence of stimulus deviance on electrophysiologic and behavioral responses to novel events. Journal of Cognitive Neuroscience, 12(3), 393-406.",https://direct.mit.edu/jocn/article/12/3/393/3438/The-Influence-of-Stimulus-Deviance-on,1.0,cognitive,2000,no,no,no,no,yes,within,0,750,24,NA,task x stim type on viewing time,no,42,NA,0,0,NA
balas2006,no,exp,done,replication does not give any statistics (only p-values),2014-2015,Vision Research,"Balas, B. J. (2006). Texture synthesis and perception: Using computational models to study texture representations in the human visual system. Vision research, 46(3), 299-309.",https://www.sciencedirect.com/science/article/pii/S0042698905002336,1.0,cognitive,2006,no,no,no,no,yes,within,0,2160,8,NA,"the probability of answering correctly on each “statistic removed condition”, I.e., identifying the odd one out, depending on the statistical constraint removed",NA,315,NA,0.75,0,0.5
daw2011,NA,exp,done,original reports directions but not coefficients,2022-2023,NA,"Daw, N. D., Gershman, S. J., Seymour, B., Dayan, P., & Dolan, R. J. (2011). Model-based influences on humans' choices and striatal prediction errors. Neuron, 69(6), 1204-1215.",https://www.sciencedirect.com/science/article/pii/S0896627311001255,1.0,cognitive,2011,no,no,no,no,yes,within,0,201,17,NA,interaction between reward and transition type in predicting first-stage choice,no,40,bse b=0.0533074 (0.1674285),0,0.5,0.25
austerweil2011,NA,exp,done,replication does not provide raw numbers  or pcts for a proportion test,2014-2015,Cognitive Science,"Austerweil, J. L., & Griffiths, T. L. (2011). Seeking confirmation is rational for deterministic hypotheses. Cognitive Science, 35(3), 499-526.",https://onlinelibrary.wiley.com/doi/abs/10.1111/j.1551-6709.2010.01161.x,4.0,cognitive,2011,no,no,no,no,yes,between,1,21,25,NA,proportion of responses of each type vary? between the two training groups,yes,50,NA,1,0.25,0.75
sharif2016,NA,exp,done,replication doesn't give raw numbers or pcts,2017-2018,Psych Sci,"Sharif, M. A., & Oppenheimer, D. M. (2016). The effect of relative encoding on memory-based judgments. Psychological science, 27(8), 1136-1145.",https://journals.sagepub.com/doi/abs/10.1177/0956797616651973,1.0,cognitive,2016,no,yes,yes,yes,yes,between,1,1,90,NA,"A chi-square goodness-of-fit test, df will be used to test whether participants’ selection of the target singers as winners and losers in the T1-top and T1-bottom condition, respectively differs significantly from chance.",yes,90,NA,1,1,NA
griffiths2006,NA,exp,done,target analysis is Bayesian predictive models fit to human judgments,2012-2013,Psych Sci,"Griffiths, T. L., & Tenenbaum, J. B. (2006). Optimal predictions in everyday cognition. Psychological science, 17(9), 767-773.",https://journals.sagepub.com/doi/abs/10.1111/j.1467-9280.2006.01780.x,1.0,cognitive,2006,no,no,no,no,yes,within,0,5,350,NA,NA,NA,349,NA,1,1,NA
gibson2013,NA,exp,done,"need std. error b/c w/i subjects, and p.value isn't exact so can't approximate",2014-2015,PNAS,"Gibson, E., Bergen, L., & Piantadosi, S. T. (2013). Rational integration of noisy evidence and prior semantic expectations in sentence interpretation. Proceedings of the National Academy of Sciences, 110(20), 8051-8056.",https://www.pnas.org/content/110/20/8051.short,1.0,cognitive,2013,no,no,no,yes,yes,within,0,60,180,NA,string edits -> reliance on literal syntax,yes,179,NA,1,1,NA
cohen2011,NA,exp,done,replication doesn't report numbers,2014-2015,Psych Sci,"Cohen, M. A., Alvarez, G. A., & Nakayama, K. (2011). Natural-scene perception requires attention. Psychological science, 22(9), 1165-1172.",https://journals.sagepub.com/doi/abs/10.1177/0956797611419168,1b,cognitive,2011,no,no,yes,no,yes,within,1,1,30,NA,people show inattention blindness - fewer identify scene during RSVP task than when just looking at scene?,yes,28,NA,1,1,NA
suppes1965,NA,exp,done,original paper does not report statistics,2017-2018,Science,"Suppes, P., & Schlag-Rey, M. (1965). Observable changes of hypotheses under positive reinforcement. Science, 148(3670), 661-662.",https://science.sciencemag.org/content/148/3670/661.short,1.0,cognitive,1965,no,no,no,no,yes,within,0,8,157,NA,NA,NA,26,NA,0.5,0.5,NA
krauss2003,NA,exp,done,"in replication, no subjects in either condition got the thing, can’t get odds ratio from 0/0",2018-2019,JEP:G,"Krauss, S., & Wang, X. T. (2003). The psychology of the Monty Hall problem: discovering psychological mechanisms for solving a tenacious brain teaser. Journal of Experimental Psychology: General, 132(1), 3.",https://psycnet.apa.org/record/2003-04933-002,1.0,cognitive,2003,no,no,yes,no,yes,between,1,1,101,NA,difference in pct correct justifications between control and guided,no,19,NA,0,0,NA
schechtman2010,NA,exp,done,"original paper reports p-values, but no results of statistical tests",2018-2019,Journal of Neuroscience,"Schechtman, E., Laufer, O., & Paz, R. (2010). Negative valence widens generalization of learning. Journal of Neuroscience, 30(31), 10460-10464.",https://www.jneurosci.org/content/30/31/10460.short,1.0,cognitive,2010,no,no,no,no,yes,within,0,252,39,NA,valence x distance --> match,NA,20,t(1420)=-2.384,0.5,0.75,0.5
korman2020,NA,exp,done,non-parametric tests only,2020-2021,Cognition,"Korman, J., & Khemlani, S. (2020). Teleological generics. Cognition, 200, 104157.",https://www.sciencedirect.com/science/article/pii/S0010027719303312,1.0,cognitive,2020,no,yes,yes,yes,yes,within,0,44,51,NA,do experimental and control items differ,yes,24,NA,1,1,NA
alais2004,NA,exp,done,target analysis is psychometric curves,2021-2022,Current Biology,"Alais, D., & Burr, D. (2004). The ventriloquist effect results from near-optimal bimodal integration. Current biology, 14(3), 257-262.",https://www.sciencedirect.com/science/article/pii/S0960982204000430,1,cognitive,2004,no,no,no,no,no,within,0,3750,5,NA,NA,NA,3,NA,0.5,0.5,NA
dubey2020,NA,exp,done,effect of interest is about model fit,2021-2022,Psychological Review,"Dubey, R., & Griffiths, T. L. (2020). Reconciling novelty and complexity through a rational analysis of curiosity. Psychological Review, 127(3), 455.",https://psycnet.apa.org/fulltext/2019-79765-001.html,1,cognitive,2020,no,no,no,yes,yes,between,0,40,253,NA,NA,NA,221,NA,0.5,0.5,0.5
najemnik2005,NA,exp,done,target effect is about model comparison fits,2022-2023,NA,"Najemnik, J., & Geisler, W. S. (2005). Optimal eye movement strategies in visual search. Nature, 434(7031), 387-391.",https://www.nature.com/articles/nature03390,2.0,cognitive,2005,no,no,no,no,no,within,0,192,2,NA,model comparison thing,NA,2,NA,0.75,0.75,NA
dehaene2009,NA,exp,done,"original reports vague p-values, but not statistics for relevant analysis",2022-2023,NA,"Dehaene, S., Nakamura, K., Jobert, A., Kuroki, C., Ogawa, S., & Cohen, L. (2010). Why do children make mirror errors in reading? Neural correlates of mirror invariance in the visual word form area. Neuroimage, 49(2), 1837-1848.",https://www.sciencedirect.com/science/article/pii/S1053811909010039,1.0,cognitive,2010,no,no,no,no,yes,mixed,0,280,26,NA,"effect of categories (picture, characters, etc) on RT",NA,23,NA,0.5,0.25,0.25
freeman2011,NA,exp,done,"replication reports fit to Weibull function, not statistical results",2014-2015,Nature neuroscience,"Freeman, J., & Simoncelli, E. P. (2011). Metamers of the ventral stream. Nature neuroscience, 14(9), 1195-1201.",https://www.nature.com/neuro/journal/v14/n9/abs/nn.2889.html,2.0,non-psych,2011,no,no,no,no,no,within,0,288,5,NA,NA,NA,5,NA,1,1,NA
reinecke2013,NA,exp,done,target analysis is how much variance is explained by models,2018-2019,Proceedings of the SIGCHI conference on human factors in computing systems,"Reinecke, K., Yeh, T., Miratrix, L., Mardiko, R., Zhao, Y., Liu, J., & Gajos, K. Z. (2013, April). Predicting users' first impressions of website aesthetics with a quantification of perceived visual complexity and colorfulness. In Proceedings of the SIGCHI conference on human factors in computing systems (pp. 2049-2058).",https://dl.acm.org/doi/abs/10.1145/2470654.2481281,1.0,non-psych,2013,no,yes,yes,no,yes,within,0,65,184,NA,NA,NA,82,NA,0,0.5,0.25
charpentier2016,NA,exp,done,target analysis is model comparison,2017-2018,Psych Sci,"Charpentier, C. J., De Neve, J. E., Li, X., Roiser, J. P., & Sharot, T. (2016). Models of affective decision making: how do feelings predict choice?. Psychological science, 27(6), 763-775.",https://journals.sagepub.com/doi/full/10.1177/0956797616634654,1.0,other-psych,2016,no,no,no,no,yes,within,0,300,56,NA,NA,NA,30,NA,1,1,NA
bourrat2011,NA,exp,done,tests are non-parametric,2020-2021,Evolutionary Psychology,"Bourrat, P., Baumard, N., & McKay, R. (2011). Surveillance cues enhance moral condemnation. Evolutionary Psychology, 9(2), 147470491100900206.",https://journals.sagepub.com/doi/full/10.1177/147470491100900206,1.0,other-psych,2011,no,no,yes,no,yes,between,1,2,91,NA,eyes/flowers on moral acceptabiity in wallet only,yes,90,NA,0,0,NA
santello1998,NA,exp,done,target analysis is PCA,2021-2022,Journal of Neuroscience,"Santello, M., Flanders, M., & Soechting, J. F. (1998). Postural hand synergies for tool use. Journal of neuroscience, 18(23), 10105-10115.",https://www.jneurosci.org/content/18/23/10105.short,3,other-psych,1998,no,no,no,no,no,within,0,285,5,NA,NA,NA,5,NA,1,1,NA
durso2016,NA,exp,done,"original analyses exp1 and exp2 together ( in a way that can't be separated), replication only does exp1",2018-2019,Psych Sci,"Durso, G. R., Briñol, P., & Petty, R. E. (2016). From power to inaction: Ambivalence gives pause to the powerful. Psychological Science, 27(12), 1660-1666.",https://journals.sagepub.com/doi/full/10.1177/0956797616669947,1.0,social,2016,no,yes,yes,no,yes,between,1,1,126,NA,profile x power state on behavior (in the exp 1),NA,103,NA,0,0,NA
feinberg2013,NA,exp,done,original reports beta and p-value but no CI or SE or anything,2012-2013,Psych Sci,"Feinberg, M., & Willer, R. (2013). The moral roots of environmental attitudes. Psychological science, 24(1), 56-62.",https://journals.sagepub.com/doi/abs/10.1177/0956797612449177,3.0,social,2013,no,no,no,no,yes,between,1,1,308,NA,ideology x condition(harm/purity) on attitude,no,68,t(38) = -1.57,0,0,NA
gray2007,NA,exp,done,target analysis is PCA,2014-2015,Science,"Gray, H. M., Gray, K., & Wegner, D. M. (2007). Dimensions of mind perception. science, 315(5812), 619-619.",https://science.sciencemag.org/content/315/5812/619.short,1.0,social,2007,no,no,yes,no,yes,mixed,0,78,1800,NA,NA,NA,54,NA,1,1,NA
storm2015,NA,stats,done,NA,2015-2016,Psych Sci,"Storm, B. C., & Stone, S. M. (2015). Saving-enhanced memory: The benefits of saving on the learning and remembering of new information. Psychological Science, 26(2), 182-188.",https://journals.sagepub.com/doi/full/10.1177/0956797614559285,3.0,cognitive,2015,no,no,no,no,yes,mixed,0,6,48,"F(1, 46) = 7.89",word x save -> file B recall,yes,51,"F(1,46) = .206",0.5,0.5,NA
tarampi2016,NA,stats,done,NA,2018-2019,Psych Sci,"Tarampi, M. R., Heydari, N., & Hegarty, M. (2016). A tale of two types of perspective taking: Sex differences in spatial ability. Psychological Science, 27(11), 1507-1516.",https://journals.sagepub.com/doi/abs/10.1177/0956797616667459,1.0,cognitive,2016,no,no,yes,no,yes,between,1,2,139,"MSD4:  m1= 11.59 (5.29), m2=7.69 (3.80), m3= 14.06 (6.46), m4= 14.06 (5.32)",sex x condition on road map,no,212,"MSD4: m1=5.81 (2.99), m2= 5.21 (3.60), m3= 7.41 (3.51), m4=6.64 (3.92)",0,0.25,0
blankenship2008,NA,stats,done,NA,2011-2012,JPSP,"Blankenship, K. L., & Wegener, D. T. (2008). Opening the mind to close it: considering a message in light of important values increases message processing and later resistance to change. Journal of Personality and Social Psychology, 94(2), 196.",http://psycnet.apa.org/journals/psp/94/2/196.pdf,5B,social,2008,no,no,no,no,yes,between,1,1,124,"MSD2: m1=7.22(1.48), m2=6.49 (2.06)",ME of value on issue involvement,yes,209,"MSD2: m1=6.73 (2.054142), m2=6.63 (1.892406)",0,0,NA
furl2016,NA,no,missing,NA,2016-2017,Psych Sci,"Furl, N. (2016). Facial-attractiveness choices are predicted by divisive normalization. Psychological science, 27(10), 1379-1387.",https://journals.sagepub.com/doi/full/10.1177/0956797616661523,NA,NA,NA,NA,yes,yes,NA,NA,NA,NA,NA,40,NA,NA,NA,20,NA,1,NA,NA
vendetti2014,NA,no,missing,NA,2014-2015,Psych Sci,"Vendetti, M. S., Wu, A., & Holyoak, K. J. (2014). Far-out thinking: Generating solutions to distant analogies promotes relational thinking. Psychological science, 25(4), 928-933.",https://journals.sagepub.com/doi/abs/10.1177/0956797613518079,NA,NA,NA,NA,NA,NA,NA,NA,NA,NA,NA,54,NA,NA,NA,50,NA,NA,NA,NA
stanley2021,NA,no,non-experiment,NA,2022-2023,NA,"Stanley, S. K., Hogg, T. L., Leviston, Z., & Walker, I. (2021). From anger to action: Differential impacts of eco-anxiety, eco-depression, and eco-anger on climate action and wellbeing. The Journal of Climate Change and Health, 1, 100003.",https://www.sciencedirect.com/science/article/pii/S2667278221000018,1.0,non-psych,2021,no,yes,yes,no,NA,NA,NA,NA,2453,NA,NA,NA,166,NA,1,NA,NA
chen2016,NA,no,non-experiment,NA,2016-2017,Psych Sci,"Chen, S. Y., Urminsky, O., & Bartels, D. M. (2016). Beliefs about the causal structure of the self-concept determine which changes disrupt personal identity. Psychological Science, 27(10), 1398-1406.",https://journals.sagepub.com/doi/abs/10.1177/0956797616656800,1 (self condition),self-concept,NA,NA,yes,yes,NA,NA,"NA",0,16,80,NA,NA,NA,60,NA,1,1,NA
gollwitzer2017,NA,no,non-experiment,NA,2018-2019,NHB,"Gollwitzer, A., Marshall, J., Wang, Y., & Bargh, J. A. (2017). Relating pattern deviancy aversion to stigma and prejudice. Nature Human Behaviour, 1(12), 920-927.",https://www.nature.com/articles/s41562-017-0243-x,1.0,social,2017,no,no,yes,yes,yes,within,0,10,134,NA,"aversion to non-social deviancy (in patterns and shapes) predicted aversion to social deviancy (stigmatized individuals, norm breakers, negative and positive deviants, and minority groups).",NA,52,NA,1,1,NA
tworek2016_1,NA,no,non-experiment,NA,2018-2019,Psych Sci,"Tworek, C. M., & Cimpian, A. (2016). Why do people tend to infer “ought” from “is”? The role of biases in explanation. Psychological Science, 27(8), 1109-1122.",https://journals.sagepub.com/doi/abs/10.1177/0956797616650875,1.0,normative explanations,NA,NA,yes,no,NA,NA,"NA",0,6,122,NA,NA,NA,74,NA,0.5,0,NA
???2,NA,no,non-experiment,NA,2022-2023,NA,NA,NA,NA,NA,NA,NA,NA,NA,NA,NA,NA,NA,NA,253,NA,NA,NA,NA,NA,NA,NA,NA
hegburg2014,NA,no,non-experiment,NA,2022-2023,NA,"Hegberg, N. J., & Tone, E. B. (2015). Physical activity and stress resilience: Considering those at-risk for developing mental health problems. Mental Health and Physical Activity, 8, 1-7.",https://www.sciencedirect.com/science/article/pii/S1755296614000490,1.0,NA,2015,NA,no,yes,no,NA,NA,NA,NA,222,t(215) = 3.304,NA,NA,160,NA,1,NA,NA
koopmann-holm2013,NA,no,non-experiment,NA,2017-2018,Emotion,"Koopmann-Holm, B., Sze, J., Ochs, C., & Tsai, J. L. (2013). Buddhist-inspired meditation increases the value of calm. Emotion, 13(3), 497.",https://psycnet.apa.org/record/2013-02539-001,1.0,affective,NA,NA,no,no,NA,NA,NA,NA,NA,91,NA,NA,NA,85,NA,NA,0,NA
kron2013,NA,no,non-experiment,NA,2016-2017,Psych Sci,"Kron, A., Goldstein, A., Lee, D. H. J., Gardhouse, K., & Anderson, A. K. (2013). How are you feeling? Revisiting the quantification of emotional qualia. Psychological science, 24(8), 1503-1511.",https://journals.sagepub.com/doi/abs/10.1177/0956797613475456,1.0,NA,NA,NA,no,no,NA,NA,NA,NA,NA,30,NA,NA,NA,48,NA,1,NA,NA
lee2018,NA,no,non-experiment,NA,2019-2020,Psych Sci,"Lee, J. C., Hall, D. L., & Wood, W. (2018). Experiential or material purchases? Social class determines purchase happiness. Psychological Science, 29(7), 1031-1039.",https://journals.sagepub.com/doi/abs/10.1177/0956797617736386,1.0,affective,NA,NA,yes,yes,NA,NA,"NA",NA,NA,209,NA,NA,NA,147,NA,NA,0,NA
luk2019,NA,no,non-experiment,NA,2019-2020,psyarxiv,"Luk, G., & Surrain, S. (2019). The Perceptions of Bilingualism Scales.",https://psyarxiv.com/s32zb/,1.0,NA,NA,NA,yes,partially,NA,NA,"NA",NA,NA,422,NA,NA,NA,47,NA,NA,NA,NA
madan2019,NA,no,non-experiment,NA,2019-2020,Psych Sci,"Madan, S., Basu, S., Rattan, A., & Savani, K. (2019). Support for resettling refugees: The role of fixed versus growth mind-sets. Psychological Science, 30(2), 238-249.",https://journals.sagepub.com/doi/abs/10.1177/0956797618813561,1.0,social (mindsets),NA,NA,no,yes,NA,NA,"NA",NA,NA,404,NA,NA,NA,28,NA,NA,0,NA
wang2015,NA,no,non-experiment,NA,2015-2016,Psych Sci,"Wang, Z., Lukowski, S. L., Hart, S. A., Lyons, I. M., Thompson, L. A., Kovas, Y., ... & Petrill, S. A. (2015). Is math anxiety always bad for math learning? The role of math motivation. Psychological science, 26(12), 1863-1876.",https://journals.sagepub.com/doi/abs/10.1177/0956797615602471,2.0,Social/Cognitive,NA,NA,No,No,NA,NA,NA,NA,NA,219,NA,NA,NA,415,NA,0,NA,NA
???,NA,no,reproduction,NA,2020-2021,NA,NA,NA,NA,NA,NA,NA,NA,NA,NA,NA,NA,NA,NA,NA,NA,NA,NA,NA,NA,NA,NA,NA
arns2015,NA,no,reproduction,NA,2022-2023,NA,"Arns, M., Etkin, A., Hegerl, U., Williams, L. M., DeBattista, C., Palmer, D. M., ... & Gordon, E. (2015). Frontal and rostral anterior cingulate (rACC) theta EEG in depression: implications for treatment outcome?. European Neuropsychopharmacology, 25(8), 1190-1200.",https://www.sciencedirect.com/science/article/pii/S0924977X1500084X,2.0,NA,2015,NA,Yes,Yes,NA,NA,NA,NA,NA,NA,NA,NA,NA,NA,NA,0,NA,NA
bogdanov2021,NA,no,reproduction,NA,2021-2022,NA,NA,NA,NA,NA,NA,NA,NA,NA,NA,NA,NA,NA,NA,NA,NA,NA,NA,NA,NA,NA,NA,NA
"bogdanov2021
",NA,no,reproduction,NA,2022-2023,NA,"Bogdanov, M., Nitschke, J. P., LoParco, S., Bartz, J. A., & Otto, A. R. (2021). Acute psychosocial stress increases cognitive-effort avoidance. Psychological Science, 32(9), 1463-1475.",https://journals.sagepub.com/doi/pdf/10.1177/09567976211005465,NA,NA,2021,NA,yes,no,NA,NA,NA,NA,NA,40,NA,NA,NA,NA,NA,1,NA,NA
borst2016,NA,no,reproduction,NA,2022-2023,NA,"Borst, G., Cachia, A., Tissier, C., Ahr, E., Simon, G., & Houdé, O. (2016). Early Cerebral Constraints on Reading Skills in School‐Age Children: An MRI Study. Mind, Brain, and Education, 10(1), 47-54.",https://onlinelibrary.wiley.com/doi/full/10.1111/mbe.12098,1.0,NA,2016,NA,no,no,NA,NA,NA,NA,NA,16,NA,NA,NA,NA,NA,0,NA,NA
butko2008,NA,no,reproduction,NA,2020-2021,NA,NA,NA,NA,NA,NA,NA,NA,NA,NA,NA,NA,NA,NA,NA,NA,NA,NA,NA,NA,NA,NA,NA
cheema2014,NA,no,reproduction,NA,2020-2021,NA,NA,NA,NA,NA,NA,NA,NA,NA,NA,NA,NA,NA,NA,NA,NA,NA,NA,NA,NA,NA,NA,NA
coomans2016,NA,no,reproduction,NA,2022-2023,NA,"Coomans, F., Hofman, A., Brinkhuis, M., van der Maas, H. L., & Maris, G. (2016). Distinguishing fast and slow processes in accuracy-response time data. PloS one, 11(5), e0155149.",https://journals.plos.org/plosone/article?id=10.1371/journal.pone.0155149,NA,NA,2016,NA,yes,yes,NA,NA,NA,NA,NA,NA,NA,NA,NA,NA,NA,1,NA,NA
dorfman2019,NA,no,reproduction,NA,2020-2021,NA,NA,NA,NA,NA,NA,NA,NA,NA,NA,NA,NA,NA,NA,NA,NA,NA,NA,NA,NA,NA,NA,NA
grossman2019,NA,no,reproduction,NA,2020-2021,NA,NA,NA,NA,NA,NA,NA,NA,NA,NA,NA,NA,NA,NA,NA,NA,NA,NA,NA,NA,NA,NA,NA
laukaityte2018,NA,no,reproduction,NA,2020-2021,NA,NA,NA,NA,NA,NA,NA,NA,NA,NA,NA,NA,NA,NA,NA,NA,NA,NA,NA,NA,NA,NA,NA
liang2015,NA,no,reproduction,NA,2020-2021,NA,NA,NA,NA,NA,NA,NA,NA,NA,NA,NA,NA,NA,NA,NA,NA,NA,NA,NA,NA,NA,NA,NA
lioli2020,NA,no,reproduction,NA,2020-2021,NA,NA,NA,NA,NA,NA,NA,NA,NA,NA,NA,NA,NA,NA,NA,NA,NA,NA,NA,NA,NA,NA,NA
low2019,NA,no,reproduction,NA,2021-2022,NA,NA,NA,NA,NA,NA,NA,NA,NA,NA,NA,NA,NA,NA,NA,NA,NA,NA,NA,NA,NA,NA,NA
ma2021,NA,no,reproduction,NA,2022-2023,NA,"Ma, N., Chen, L., Hu, J., Perdikaris, P., & Braham, W. W. (2021). Adaptive behavior and different thermal experiences of real people: A Bayesian neural network approach to thermal preference prediction and classification. Building and Environment, 198, 107875.",https://www.sciencedirect.com/science/article/pii/S036013232100281X,1.0,NA,2021,NA,yes,yes,NA,NA,NA,NA,NA,12000,NA,NA,NA,NA,NA,NA,NA,NA
robinson2018,NA,no,reproduction,NA,2021-2022,NA,NA,NA,NA,NA,NA,NA,NA,NA,NA,NA,NA,NA,NA,NA,NA,NA,NA,NA,NA,NA,NA,NA
vaswani2017,NA,no,reproduction,NA,2020-2021,NA,NA,NA,NA,NA,NA,NA,NA,NA,NA,NA,NA,NA,NA,NA,NA,NA,NA,NA,NA,NA,NA,NA
white2018,NA,no,reproduction,NA,2020-2021,NA,NA,NA,NA,NA,NA,NA,NA,NA,NA,NA,NA,NA,NA,NA,NA,NA,NA,NA,NA,NA,NA,NA
zhi-xuan2020,NA,no,reproduction,NA,2021-2022,NA,NA,NA,NA,NA,NA,NA,NA,NA,NA,NA,NA,NA,NA,NA,NA,NA,NA,NA,NA,NA,NA,NA
genevsky2015,NA,no,unusable,"missing the target N from the original study (they report having Mturkers make the judgements, but not how many people they had do this)",2016-2017,Psych Sci,"Genevsky, A., & Knutson, B. (2015). Neural affective mechanisms predict market-level microlending. Psychological science, 26(9), 1411-1422.",https://journals.sagepub.com/doi/abs/10.1177/0956797615588467,1.0,other-psych,2015,yes,no,no,yes,yes,between,0,1,NA,"bci b=.087[.05, .124]",positive arousal -> funding,yes,140,NA,0.25,0,NA
